ndci_mean_7d,ndci_slope_7d,sst_anomaly,wind_speed_3d,ndci_x_wind,is_bloom
0.5247240713084176,0.02888505004666269,-1.3126349273436677,10.567369633253133,5.544953216981524,0
0.8704285838459498,-0.04676721793550506,1.3337888547426104,20.965863944183734,18.249287262042706,0
0.7391963650868432,0.03900989255029816,-1.5094407480620045,11.525078360822935,8.519296031661346,0
0.659195090518222,0.05052928726419116,3.0201119273792054,10.987667474106965,7.243016455178065,0
0.39361118426546193,0.04798952239655199,1.6648795058690067,9.650119844156624,3.7983951001621237,0
0.3935967122017216,0.07403903627773109,-1.4151029989298611,7.593579564484707,2.988807950423362,0
0.33485016730091965,0.0616961077274452,0.8815818459002731,10.12926122033532,3.3917848142639992,0
0.8197056874649611,0.04295900396142184,-0.004312811181166332,12.106394969477755,9.923680811178109,0
0.6606690070459253,0.01649171442706765,2.138349020838361,18.47988416291461,12.209086720236515,0
0.7248435466776273,-0.06304804667579957,4.180900892046289,6.2512968443890315,4.531212176021605,0
0.31235069657748143,0.0414809109566293,-2.250344939291489,9.210138793306859,2.8767932676646817,0
0.8819459112971966,0.030384384358155558,1.7300521582948343,21.180472805833528,18.68003139044634,0
0.7994655844802532,0.033578941859768674,1.1797344088667192,7.938438471675415,6.346508352618513,0
0.4274034664069657,-0.04383742879101547,2.8426801529009316,11.85290293045043,5.0659717994597955,0
0.4090949803242604,-0.03405282702041312,1.9263932564753783,22.2931784371628,9.120027394116342,0
0.41004270591206027,0.07265764266664518,-0.00393866347763816,8.098506222868853,3.320733405470803,0
0.4825453457757226,0.018022242307167247,0.8618921286667637,6.654736712363798,3.2112122279139843,0
0.6148538589793427,0.05407503486863122,-0.09205171360697806,14.690759901600217,9.032670416837883,0
0.5591670111852695,0.02141591880652306,3.6520142771971966,11.048390225570728,6.177895340840929,0
0.47473748411882516,0.02148780697478726,1.5426232973438845,16.26816728967708,7.723108810325464,0
0.6671117368334277,0.06691419029879989,5.302381371506015,21.076097809669502,14.060112215479823,0
0.3836963163912251,-0.0058022364108686955,1.3786783723707585,7.742969763054863,2.970948976012788,0
0.47528678912113087,0.02480603884704917,0.08318646617907444,16.613981691085698,7.896406012473378,0
0.5198171059762151,-0.003113764435252124,-1.5274287852256543,15.110175207797278,7.854527547310735,0
0.5736419905302216,-0.0017248113716157795,-2.10627935251189,7.881575720263991,4.521202784686901,0
0.7711055768358082,0.0045413938265680305,-1.6682718860109795,17.47996971057965,13.478902126748975,0
0.41980426929501585,0.031106688581685644,2.0342533020229667,10.472808357215433,4.39652965986756,0
0.608540663048167,-0.003937431083173865,2.5174500464598677,14.75668637088025,8.980043708529315,0
0.6554487413172255,0.08278780627867605,-1.6623814040642668,6.645446485541237,4.355749534438984,0
0.3278702476319986,-0.024730365110975195,3.2900766281522307,14.191681144272462,4.653030011086978,0
0.664526911140863,0.010656417791932047,0.533877896633121,11.129269360856407,7.395698991624555,0
0.40231447421237493,-0.0019865529137087466,1.7935860239710988,21.447624223707088,8.628689662665312,0
0.3390309557911677,0.09234889421768665,4.724441256510849,6.139574539947366,2.081505824429474,0
0.8693313223520001,0.029827738825578733,3.293678631731064,13.3721454983666,11.62482492877838,1
0.8793792198447357,0.07159222697343175,0.9629387041883354,14.16862848262876,12.45959746132398,0
0.7850384088698767,-0.0542780186518486,-0.28238445083057484,19.500121525982372,15.308344375526435,0
0.4827682615040224,0.03335251329346294,-2.80363080265861,16.48575150180422,7.95879759211335,0
0.35860326840383033,0.06448153978117185,0.061693361515159806,18.344246743883623,6.578306838762989,0
0.7105398159072942,0.024114199463771212,1.0777395223446111,20.540985713035123,14.595188207094337,0
0.5640914962437609,0.07327401875326757,-0.4743590543023679,22.244059473163777,12.547684790752157,0
0.3732229409068673,-0.005864422505018608,1.2374860658153906,11.27750993444941,4.209025423841621,0
0.5971061460667622,0.090467372009279,1.6537037659175364,15.76045410727806,9.410664012258875,0
0.320633112669131,0.13494490618096253,1.050288036383843,21.802161568783998,6.9904949267145176,0
0.8455922412472694,0.0018580719780170452,0.19999483835308052,24.78902261930113,20.9614051949841,0
0.4552679889600102,-0.002275126070038592,1.8373093439334554,22.790386220875263,10.375733302399807,0
0.6975133706123893,0.09266922385588505,2.3838812991388183,12.429345252487536,8.66963450156768,0
0.4870266456536466,0.09897860728653562,-0.6807981548856921,8.903330344373009,4.336159112766313,0
0.6120408127066865,-0.006143001357663415,4.32186475949254,14.787850748131774,9.050768190071754,0
0.6280261676059677,-0.0010093408547928624,1.3028237354314764,19.832829036720845,12.45553561271615,0
0.4109126733153162,0.00591076955697464,1.5376992458896954,14.851381415065951,6.102620839690154,0
0.8817507766587351,-0.047222525551713856,2.9164288465131145,14.66361726627337,12.929655913162982,1
0.7650796940166689,-0.025932597324209914,1.9664322625270034,21.764608421636012,16.651659951617894,0
0.8636993649385136,-0.0302070383376034,3.4062732678264904,12.228075581343727,10.561381114026723,1
0.8368964102565895,-0.018389878255206427,2.0742483304036483,22.195893496232912,18.575663589434907,0
0.6587399872866511,0.01826575563066094,0.2751252507191242,13.136096019034472,8.653271724574996,0
0.8531245410138701,0.03171073662682604,2.2230070504122033,11.564662113566788,9.866097057617159,1
0.3530955012311517,0.09752502464070385,-0.7874524146413235,14.07979822399398,4.971513411134634,0
0.4175897174514871,-0.02991770203693955,1.7171194115530464,20.24893917349737,8.455748788153116,0
0.32713637334632284,0.06921611992382919,1.4335400187110785,7.520040557279886,2.4600787953258023,0
0.49519819845795865,0.009300557788724552,1.0837662854549206,8.928384317440347,4.421319829136751,0
0.5332063738136892,0.017526814517378354,1.2429249771221385,24.028896513261838,12.812360776580745,0
0.4628094190643376,0.05374097460833019,-2.263698090995278,8.509832547627148,3.9384306577021126,0
0.7972425054911576,-0.036136101078114935,0.402550184518077,16.354546358621093,13.038539515118368,0
0.5140519960161536,0.039120487309202534,1.6856898022822295,16.586289333238756,8.52621513825282,0
0.4685607058124285,0.028322610410652805,1.8197127839948006,14.792489241004896,6.9311791994880085,0
0.6256176498949491,0.04462256320040746,-0.5553502818519163,17.89490497153637,11.195368393386024,0
0.3845545349848576,0.03445843219539091,4.031415681729401,9.596534515952369,3.6903908682481985,0
0.7813181884524238,0.1427650069955447,-0.23234969642900172,16.053245355534962,12.542692579968863,0
0.3447303862078625,-0.011886999212565797,3.4389144010534736,12.443465104937943,4.289640531389317,0
0.8921321619603104,-0.006549847750090883,2.35438872374337,18.23334519258378,16.2665536664284,1
0.7633468615779946,-0.01115702632123822,0.2075453803123939,7.824470867462989,5.972785280186321,0
0.4192294089205034,-0.007773855958012735,5.050621785219024,16.417548336789523,6.882719085156065,0
0.30331327027416144,-0.011869356365325889,-0.8872736635129601,8.705407107666474,2.640465498894247,0
0.7892768570729005,0.0794508265553776,3.338308347220003,10.572861262300728,8.344914707376539,1
0.7241144063085703,0.09102521239949275,3.5011646360859565,9.374196006471664,6.787990375846399,0
0.7374043008245925,-0.008537314687473815,0.15875958184671024,8.656755597376343,6.38352880869268,0
0.7627622080115675,-0.021617778655211434,4.284930600128657,21.51421903121334,16.410233211892773,0
0.3444267910404542,0.04357077781932021,0.9999069708020945,10.714151353217806,3.6902407693105492,0
0.5150794371265636,-0.007611152214048563,2.077387258559714,23.542475637288987,12.126245099820647,0
0.36952143571507784,0.05164659088777554,2.0206436775424415,24.398530506903818,9.015780022249224,0
0.8178620555253562,0.030146151042564986,1.2313825170589043,16.42520939874195,13.43355552128949,1
0.6739788760965348,-0.055787205749861596,3.121616546319564,7.860022453314528,5.2974890991784545,0
0.4985388149115895,0.09737526006650309,3.086977441104426,12.490964867591625,6.227230822191428,0
0.3381350101716142,0.10979388365477609,-1.9970639464763615,20.95464526696428,7.085499190487534,0
0.4865893930293973,-0.010639434524219313,4.108680485756305,12.34781457394141,6.008315598773697,0
0.4951099932160482,0.0006149220032007907,-1.8249839760713487,6.7403443660557745,3.3372118533517034,0
0.7377637070028384,0.03429326953624525,3.5650924086833147,16.13569821856376,11.904332532806697,1
0.6825344828131279,0.03672283949935125,3.7534102736551667,21.902417029920695,14.949154879874367,0
0.832327645545796,0.05292721363364153,-0.6819328604303965,20.918527742870047,17.41106894450744,0
0.5833289550971696,0.12051022693831749,0.6783714240908304,8.502462802607065,4.959732742397332,0
0.37175654756298104,0.01115263862529753,-0.7114093369718715,18.455292288249332,6.86087574534528,0
0.7279468723337971,-0.01991486222692269,1.0701579394225293,9.410085268712942,6.850042139753924,0
0.7564710291701385,-0.04896596140072636,0.8839314316285175,9.364150691043445,7.083708710557898,0
0.6367663185416979,-0.016546501997095956,3.05932106453868,22.481435466103704,14.315420897283614,0
0.7625803079727367,0.018343651356310147,4.120617492239217,9.993379054804603,7.62075407730119,0
0.5962773578186344,0.1097278931758894,4.291367621579912,10.264946930360225,6.120755433783697,0
0.6136396976291965,-0.005880564951808571,0.37566394684339577,5.013067815225991,3.0762174183299336,0
0.5565246110151298,0.031189397581944927,1.0815562525109446,22.413380682510354,12.4735979658681,0
0.3152514760464571,0.019178855196362397,-1.8668763844419005,20.851896264182695,6.5735910756511995,0
0.36473485619598267,0.0794196636724042,-0.1117401329923775,17.54657870181356,6.39984885953746,0
0.31885751141204055,0.1463466212936811,3.429703266194915,20.005315278776845,6.378845044804057,0
0.6818462467582682,-0.0065434386460160344,4.731165647096463,8.040971348489837,5.482706134258566,0
0.488613588645796,-0.004471972125911109,-0.9686977437598441,14.16647189175151,6.921930669478503,0
0.6051424146988217,0.0722080438534536,0.3150714816942115,12.024387746975618,7.27646703647975,0
0.844539884355656,0.05409457448131558,1.447188486082146,6.87553052514033,5.806659754585796,0
0.449575337489325,0.11233536628680169,2.060322317639214,14.722609704298481,6.618922226533601,0
0.5462297538213778,0.0491964092662982,-0.11920703984329228,23.414793006852708,12.789856619911674,0
0.7533306831258293,0.002035395460647023,2.3481220889281795,5.80118238101389,4.370208686026718,0
0.4372788992949735,0.04953274153461547,0.5523213058581677,10.829218269875877,4.735388645276341,0
0.3461879458972758,0.07543517902914539,1.471095458243442,9.15081872411407,3.16790313737938,0
0.4738508717482608,0.0610241090598682,2.592568496007399,9.762933073313926,4.626174347609731,0
0.3967327723524027,0.045363701555364885,1.5128445396218757,23.168691037587507,9.191779027118356,0
0.8578185914055438,0.0733337344794577,0.6272282189468628,14.361381084685803,12.319459692703397,0
0.7848722277386502,0.07846477952228365,1.2807803921483383,14.325988258796375,11.244070319239258,1
0.6800422539062541,0.08910794955187637,1.3232740815893294,20.211512849105645,13.744682752761017,0
0.8228763541126307,0.05243549437948214,0.7599779402357446,8.089844080098516,6.656941401971116,0
0.7822032461394688,0.011644095984157282,0.9824078746657953,14.745307082001016,11.533827064864493,0
0.4119420353316215,0.027335684321666144,4.697294341009433,13.599704282421195,5.602289862008756,0
0.8355353990939867,0.08032544832541784,2.6218388958824774,16.93821381093312,14.152477236457282,1
0.6236053451493905,-0.020846783549361803,0.9090393639416793,24.99115406500877,15.584617256391388,0
0.7844640930984376,0.03843366544364506,2.8939088090214713,20.38897788164094,15.994421043125563,0
0.8376547799540961,0.0003330593836319666,0.8323610204879801,12.957314060348544,10.853756058017375,0
0.49080208498311834,0.021437241146740876,3.8462492751732826,21.55106104548094,10.577305694720506,0
0.3660311547166061,0.08392259313036494,2.239284384396188,8.414167266249603,3.0798473604440106,0
0.436761097525165,0.02955495340099517,1.2853957119915422,5.609273726179202,2.4499125489651004,0
0.5562646731757538,0.02232182740780744,2.395433851620555,9.08896744928546,5.055871507681841,0
0.7908088595534959,-0.04799280704899596,-1.6417523041369986,11.808231122285193,9.33805378715845,0
0.8164383499538062,0.05731267830136104,-0.7535349378196106,15.211615149191198,12.419345972537982,0
0.30417127831871443,0.052274209057053767,-0.8878500127981108,17.302582810823996,5.26294873178375,0
0.6064483815465395,0.12816273616527302,1.7858861895274134,23.212114344288434,14.076949176366934,0
0.5504466018892674,0.004611088252349958,4.965029998970184,15.197080191009153,8.365181149779687,0
0.4332646862824382,0.03095751638319695,5.962600292385265,15.025512892514588,6.510024129608063,0
0.3719192204002097,0.032469184185537764,2.776102202881514,6.004860196459642,2.23332292287952,0
0.5025691028421768,0.09887266398817372,2.501688949888914,5.698231053124476,2.8637548681562004,0
0.8657458223475116,0.015235223380652394,-2.102115468305478,16.023199238327443,13.872017801223814,0
0.4939217592124532,0.033951076288516964,0.4146524005319565,13.76357226496689,6.798127826160175,0
0.6112743730460197,0.050394825485826966,-0.07556750381647781,21.783607899605972,13.315761261511962,0
0.7218113753371067,0.029330456157817906,0.25830480349776797,8.213591694236904,5.928663917274576,0
0.5181777614275764,-0.0023216807275264137,1.1637123628304207,5.4994332423409915,2.8496840066366533,0
0.8830692496325765,0.02970449964491538,0.5558188446057453,13.980775358602518,12.34599280520274,0
0.8774683769652669,0.0736815874929886,-2.4585996207515755,9.74957113504515,8.554940359975483,0
0.45106937749521847,-0.03132576497055302,2.995820512235068,5.992287466776749,2.702937377411388,0
0.5983491035354314,0.026648483707343802,-0.645486051479613,19.49196573695258,11.66300022484892,0
0.4805269858900618,-0.015006040746958663,1.9784937282222992,7.23185999914495,3.475103887768028,0
0.4709042966264806,0.07975233144624212,5.648165339499947,17.166390000155435,8.083726808639044,0
0.3221321684127197,-0.05615934523918874,-0.33876918317284677,10.620995003337782,3.421364151125861,0
0.6657386003879382,-0.007946092363579418,-3.5605750454926595,8.46992100710044,5.638753356663443,0
0.6016074139373169,0.03886059375322605,0.9279915562397784,12.595030458386349,7.57726370253155,0
0.3308872507499936,0.09827620146171703,3.701919269997142,21.028915524459073,6.958200044142123,0
0.46718787854196686,0.01671248694635061,5.416694908441188,12.841871538091453,5.999566720389411,0
0.8449595315799923,-0.00775997633465992,-0.9590991889048337,20.015392984221116,16.912197080336938,0
0.4437371344001835,0.11405785347202951,2.4933984464730434,7.509725935983013,3.332344266963838,0
0.38693692325473383,-0.052400695020812196,0.5693790864398933,20.45542839330158,7.914960526361638,0
0.5936716561665378,-0.0899402978310041,1.2881032913917287,9.738666498132973,5.78157026880018,0
0.8913902724663605,0.04200072250266662,6.7886866940340695,18.547862597777456,16.533384294701463,1
0.4452331629069003,-0.005102711217630559,-1.5059406567903064,16.315631096819928,7.264260038059315,0
0.7032813284435272,-0.031061640856535667,2.007479322989147,23.582894344233747,16.585409262956055,0
0.7569717691972306,0.05541782236496767,2.4353863435308662,12.74645035950628,9.648703079620145,1
0.4425825263954398,0.032190035688559944,3.6715726498786942,6.3233037766888085,2.798583760652759,0
0.7369298091671158,-0.00820393153683642,1.695966306941791,5.3831097110250585,3.9669740120713444,0
0.520669879631552,-0.04401521993354472,2.116101079008205,21.53717121945506,11.213756346437792,0
0.6793834983561478,0.06362286641400723,0.7167028651564178,15.494712753228644,10.526852156312094,0
0.6801178264565368,0.052510058897933046,2.0382538824902148,20.504881036698986,13.945735122429575,0
0.6214648104448551,0.015041206811030855,0.813615449005179,9.688512000230293,6.021069273715823,0
0.354173862032645,0.1123318498023833,2.743143779712102,11.901674910264674,4.215262167625474,0
0.8011814973535429,-0.033504238316307625,0.7607793279127321,5.602077444226379,4.4882807950557995,0
0.4924680389830415,-0.05627625854623694,2.254200787804373,24.229846491482242,11.932424986520388,0
0.41191110623991256,-0.014595403494062225,1.4414743726300432,18.357358134016266,7.5615996966248975,0
0.32446508493285836,0.01772069918222511,3.7521005015443363,23.664101755186124,7.678174785856268,0
0.6545357659129452,0.03216697246613459,1.3972125528230275,10.309928148581447,6.74821671723919,0
0.7065386171053695,0.007938197107183506,-2.046064936413763,17.229272224513217,12.173146171239521,0
0.30995269735671366,0.03760276982571484,4.023843001427983,18.569999365852755,5.755821393358524,0
0.6072558349795687,-0.042576971209522196,-0.3114646017252378,11.350994005151769,6.8929573424465165,0
0.4358974651187628,0.09218823020366299,0.19246732270236033,21.9621847003126,9.573260639336338,0
0.68710367424567,0.01589244108037156,0.3086774119130158,23.943229258004955,16.451480796481633,0
0.4046198574029949,0.07586479157940638,4.248876186341635,22.697102353920087,9.183698317904325,0
0.7145626428614796,0.03713626731888521,-2.771348427957391,19.78133951878745,14.135006245884991,0
0.5320412077803225,0.0428376609576892,7.7754970673199875,10.54929359449908,5.61265890524651,0
0.8620379932420408,0.0484883640116102,3.6121136181321036,10.632320842112634,9.1654645222403,1
0.38251256648759596,0.042385428000865755,1.9464778282583193,24.267206408920757,9.282511404960516,0
0.5046398106301551,0.0521361379933772,1.3902119987674273,5.205689918713841,2.6269983747790597,0
0.36808411274435343,0.08645762650662157,2.0711081497153137,19.32099946484289,7.1117529453508235,0
0.8548161709671378,0.029826058485073508,2.5422448567586766,19.124923251105244,16.34829366355017,1
0.8264036120285887,0.055450187879425614,2.790431171900114,17.453790818995948,14.423875776409671,1
0.4547649766290934,0.015513215285638664,2.611208932006897,24.802176921737317,11.27916140816451,0
0.6959904276205074,0.09200586077247365,1.6791613625104977,11.237588715274505,7.821254175367292,0
0.7903333201207295,-0.013819615102963489,1.1053231593853479,11.799437275864964,9.325488437790654,1
0.6331204869596774,0.1100470216455408,1.1974534326929767,6.578788058931111,4.165165499474976,0
0.6177903470136039,0.01799210246778283,1.110183439294638,13.855962730874749,8.560080023714674,0
0.44511137454027105,-0.051538755105902403,3.767540193734129,10.220970524696963,4.54947023938346,0
0.3558616606835395,0.026405220745539464,2.6871134445617235,11.867734043552884,4.2232715452893075,0
0.8383294547719962,-0.01405258287374404,-4.3807772693285605,21.691435805112555,18.184569551721765,0
0.8402508342979984,0.062032177449436204,2.8118015530595217,23.709690270549913,19.9220870307767,0
0.6798608743639608,-0.012631198965119547,1.8894723894375498,8.714661440103713,5.924757346454804,0
0.5034178746292204,-0.0023091716607389866,1.4625824871082052,12.450178631069317,6.267642465207052,0
0.5095257447675965,-0.07447703654727655,0.7229630938222283,23.572611242307882,12.010852299353942,0
0.7355734073221436,-0.0026153159624538354,3.748225439972027,6.236169213784453,4.587160237220883,0
0.8382661559715463,-0.10119396633144784,3.3950529242457157,6.84721056222757,5.739784877126275,0
0.8322518545590705,-0.05919514117428616,-0.04575533564721823,8.255819784124586,6.870921326243152,0
0.7679253275145743,0.05802073280721487,2.31410457424907,16.904256682537493,12.981206849328036,1
0.6852189876925727,0.05929000793254162,-0.44331346908257196,8.009445420119949,5.488224082753504,0
0.3504839789970293,0.04127287808924824,-1.259236329577861,24.36152762901467,8.538325137863128,0
0.39697722845676825,-0.02834880715646065,0.2465655508200697,13.934290545170407,5.531596041133098,0
0.8391325131162477,0.017614432192901007,3.2247869447655173,15.030359207003327,12.612463094412634,1
0.6638574357957541,0.01981987304547158,3.4062500907521733,9.93317231610813,6.594210303088915,0
0.30551823096997777,-0.03791823445962714,2.526170840194586,14.41920504869467,4.4053300184705675,0
0.3608829257196193,0.09516991508835754,2.950191573695994,18.23827265274023,6.581881194993016,0
0.6981010614648335,0.06386811452878358,2.532356574229917,20.023542739080856,13.978456440438805,0
0.3030369503077312,0.008951791308516803,0.21703680955409554,20.07736165419826,6.084182445913626,0
0.3964848308504992,0.02134429194972654,2.3638450893478815,16.557822253881767,6.564925355582943,0
0.6292402736199517,0.030419140397377625,3.1008190504553648,23.087195499877144,14.527393213460012,0
0.715137118615616,-0.08208674342121454,3.0085826596271485,21.348156946122188,15.266859446203771,0
0.6911767557015603,0.007641130873970153,3.877826742949286,20.140962293972507,13.920964975055373,0
0.43456158567633585,-0.01409921239988993,2.9166076944021277,6.112110433609212,2.6560884018580957,0
0.7273075328085216,-0.03008100049474578,2.202896415083166,5.137559244392986,3.736585538697075,0
0.44234945249808005,0.005944985355702256,3.640300476632855,9.248945543909459,4.091265997532906,0
0.4952398188955607,0.10988432634247614,1.44695748150188,18.270471878269046,9.048265184130397,0
0.7478948430708146,0.05204214306335049,-0.2637493024554356,13.223949777650915,9.890123843732564,0
0.6897797394283288,-0.00855894948913984,1.1738660721124723,13.048125185986235,9.0003323908178,0
0.8095340462965068,0.04862913906780793,0.010194710387101846,22.691737764592276,18.369734290069637,0
0.694567735380206,0.08996777182930012,0.14964345005123691,22.911256962636774,15.913419863252601,0
0.640985162001283,0.06623168414563844,1.2109626585689643,23.183505281071714,14.86028288834535,0
0.3562048606968555,0.022981518496008706,-0.08483984199992256,11.277561530300545,4.017122233900922,0
0.5206294818356602,-0.012346838885278693,0.8840769407219194,18.821116254785235,9.798828003297558,0
0.45912142060903527,0.0549111656806795,-2.2872293339075713,10.432663625487393,4.78985934446998,0
0.44639378602745017,0.039674269271087484,1.9265874147458772,8.812196661488995,3.933709830940529,0
0.8838063328514674,0.06475966100138662,1.5024109507244485,8.692649146947385,7.682618365328005,0
0.5358586348000562,0.05175859008409847,-0.13417726213638126,11.84215241727188,6.345719627413495,0
0.835227933106268,0.07247763576596676,2.81849133686481,13.599152395596434,11.358391947371162,1
0.6786831755983578,-0.006761760578028398,3.3751402752531168,21.61898342110137,14.672440321441327,0
0.7768867821249892,0.0858697032817163,-1.7151197287379483,7.397821869454242,5.747270026894178,0
0.6015822558631153,0.029879980234619984,-0.02544955713242847,19.698516947897886,11.85027826267422,0
0.6461423307758155,0.12376304363126328,-0.03828469957459646,15.629098283786107,10.098621993009854,0
0.5955106162913184,-0.014459390904478394,-0.3798062022177293,10.75890685351985,6.407043250960495,0
0.4171457926788267,0.10679819015826247,3.158949683863497,14.856391690656492,6.197281288146036,0
0.7334712691569032,0.02989553917313239,1.112347722454393,10.998841395540452,8.06733415764254,1
0.4684634174645135,-0.012570900180722416,0.9709703173787785,16.921639104766122,7.9271688841198875,0
0.3145895798588723,-0.004194291702716079,-2.507724728813507,13.676878457104884,4.302603447601487,0
0.6872833775443008,0.003982634590283991,2.7708360604184525,8.288110581577575,5.696280633967295,0
0.4062664076442294,0.04120829732009582,-0.9785167897069451,7.331661491113934,2.978607776058392,0
0.8642751506117488,0.046141774401774985,1.6198652605326564,15.933913641442603,13.771285612292404,1
0.8723571462015525,-0.00868500019692895,2.0547538759163833,23.04826066572207,20.1063148992588,0
0.8489186341322692,0.018782270386950857,4.2213171916773025,11.87915373115371,10.084434960098257,1
0.5220952201532667,0.1271135179305932,-1.1176407982382242,19.660002144452463,10.264393147821604,0
0.3092739699173204,0.10637715850503558,-4.539024311641651,18.173227098795337,5.620506091053461,0
0.8569911375526353,0.041816183483701606,1.8676990895073897,23.63109828618962,20.251641801899773,0
0.5569104889903886,0.021900173908410016,5.101022363021707,21.419620345982818,11.928811240869768,0
0.8799928914262019,0.026001566335913065,3.9778927058788747,16.33210517810926,14.37213645876121,1
0.8781719862535518,0.05067589863652083,1.9193188305492517,18.140609964682145,15.930575484535893,1
0.8118056732804162,-0.03113962825992028,0.5167276287359053,22.967729331680697,18.64533297382741,0
0.4766693352417514,0.007131173128832744,3.1142451932746207,12.990375691738695,6.192113745521691,0
0.5310586371611552,-0.06342920369387947,-0.4470923994089373,11.535894117155546,6.1262362082920125,0
0.8106820029101143,0.039961156130263964,2.4527155387124386,5.216221672703927,4.228697033250766,0
0.49015320309376664,0.052359796985137055,2.5109403183332537,21.531021483829285,10.553499146179629,0
0.40169564801165547,-0.004159323114968701,3.6204198149977596,21.019614008067297,8.443487469925463,0
0.6340807574750101,0.09869933816450165,7.019320077822155,7.089090362003027,4.495055786547673,0
0.8616928644964688,-0.04128828315011707,2.284831934357534,16.537147622654004,14.249942105565697,1
0.7176178780049838,-0.05321874401049101,0.4820727485850025,14.279633963337748,10.24732062345833,0
0.6420367020536191,0.031222590927998603,1.448851375616011,7.374181910182229,4.734495433956855,0
0.3583058962624611,0.07235491513060772,-2.0381518097782365,24.61136454121447,8.818397030182005,0
0.6690043360195019,0.10419638457289344,0.11057373782188362,9.29391774926711,6.217671272868306,0
0.894032310062558,-0.002944213143447002,0.681435123773792,6.344683601811223,5.672352137143319,0
0.3840504091419144,0.07393404167156478,0.451823204130815,16.89694759003819,6.489279635203652,0
0.6109977914182421,0.01807457652496464,1.804709744067444,19.777333542660653,12.083907114707577,0
0.8264238431567734,0.011368635002959019,-0.14483986476440114,5.648868920943739,4.668359963135181,0
0.7444611706525227,0.06418299687433363,3.742061334648943,18.174352774540445,13.530099942386304,1
0.7182094445971609,0.05261614392067099,1.5004141298363942,15.645837519029088,11.236988274799304,1
0.7214904503922657,-0.058819607849212474,1.481399357722771,7.065300177500968,5.097546607221728,0
0.5156946907318531,0.0938270174862948,0.8442105669741643,8.450477538927242,4.357866400973555,0
0.47615510655869603,0.08900456770737258,1.8103813677179583,16.359485946321612,7.7896527740162576,0
0.7856166932871083,-0.01127813507547647,3.150196529335269,10.927152270265768,8.584553233610912,1
0.7860680368075086,0.03979017667187046,-0.23426043142180064,23.76631457302632,18.681940238568483,0
0.8202433911480622,0.04470150931413694,0.18376702184948668,21.374804589681016,17.53254220176712,0
0.8479443315338828,0.03303368829119536,0.8925479424466707,24.671344130273262,20.919926406586946,0
0.6068054393165627,-0.007515257692271005,-1.1917418469464298,10.19341677900828,6.185420746722941,0
0.6009097768123197,-0.013581168396902581,-0.13851571944299557,24.39447265595954,14.658877119146883,0
0.7789771073800651,0.018722296450427736,0.5475582529106819,13.624677395831156,10.613311786791112,0
0.6899783584666591,0.07863645096296824,3.248778361425455,11.950375906275092,8.245500750871201,0
0.721180126354622,0.04718000772972162,2.02512265800385,6.006990539387065,4.332122196206183,0
0.7774756016616606,0.001469283395694701,1.8871798227350887,6.055305157192052,4.707852020332847,0
0.8340032050905399,0.05858493553241724,3.2017959243359444,18.840225118933095,15.7128081338175,1
0.5027970941109214,-0.12242713103150378,1.2252564232012066,14.158579888680558,7.1188928247659184,0
0.5253497715839665,0.07743828501860518,2.2809296998577793,9.530432520722114,5.006810547857768,0
0.3563891639045214,-0.06698568893890498,1.2935564941350075,17.279406126504654,6.1581931021916585,0
0.6469680845977044,0.001877952929843392,2.030724698799257,10.057162365002224,6.506663071773607,0
0.3215653642780452,-0.0359834947313072,0.33448268477683585,16.55263508688845,5.322754131476837,0
0.579358810879476,-0.044734073786045284,-3.377634316552858,12.184174939653808,7.059009104585342,0
0.625586780824546,0.07804133936892597,1.2314416756273916,21.47104453223638,13.432001629862228,0
0.47192475127697064,-0.00338506006559457,4.34549627219988,21.413923215335586,10.105760387261395,0
0.6544999563414065,0.03732519408653579,3.352430804483185,14.547007962448026,9.521016076320326,0
0.31830014996342965,0.017653971056040798,3.430794969182341,12.016382186700312,3.824816252044594,0
0.32240891324952864,0.04385204136115607,3.9722614436124357,12.25119593118189,3.9498947661794004,0
0.793560336395795,0.023841094553012768,1.6773151819228749,21.11429051336436,16.755463482543966,0
0.5161143848467578,-0.04414961120942848,1.8946314148111911,11.56358965595224,5.968134961902122,0
0.37623630759113086,0.069813340972357,0.26469620913129965,9.18118747413692,3.4542960745712157,0
0.6133459560328827,-0.004687829158065624,0.8678542879459005,6.6937668375061365,4.105594820411407,0
0.7619961318591666,-0.05782909493298756,2.731542299542283,14.333862417688168,10.922347716879866,1
0.4294926164981059,-0.001405758048295628,3.9077688743376324,14.642641978396838,6.28890661574666,0
0.6737342854914001,0.09503798953171555,1.221107448638001,21.818174208058142,14.699652010792947,0
0.3512084789962608,0.06251108710567464,0.5996214702971768,9.42477392892128,3.3100605164600556,0
0.3310090327011646,0.00256739327960704,1.5010559177131946,12.619825473367998,4.177276222797058,0
0.6188127789408888,0.002537114784078559,2.7024134978582297,21.168114777873818,13.099099930635793,0
0.6243810729660639,0.00391824743913087,-1.3877096322670837,21.47247221497947,13.407005240822876,0
0.682457940898924,0.12383739917804205,-3.0923619062744763,12.692221519575364,8.661907363682415,0
0.735654800233597,0.039096772611577665,0.3989263010168329,14.182480465733619,10.433409833836157,0
0.8855112476775209,0.04150208235955348,-0.9414248518283173,11.065717816985659,9.798817590566344,0
0.6097802089807172,0.07151417270159212,0.4837196047053782,23.65109756838624,14.421971217873894,0
0.4937738837647476,0.031939457951325675,1.2044393623650569,7.372875314831607,3.6405332787176388,0
0.7771117168612223,0.0070478927089648435,0.5935031819539732,23.6749884600294,18.39811092884307,0
0.4624993507572446,0.010182507545751087,4.404935068941491,18.677329036706865,8.638252553356358,0
0.5633828524233817,0.016419937029296804,2.15348952920464,15.631443053734625,8.806486975106669,0
0.3470738288053596,0.01813888817450792,2.1009487192216567,5.6531812156899175,1.962071249460037,0
0.3152104460492745,0.056381477181848993,2.744414288086804,14.511923836440166,4.574309985517404,0
0.877589048806755,0.022597294290364972,-0.7776662355615382,13.154962100054647,11.54465067647587,0
0.8015880723073237,0.05663200386077896,3.5782235748405373,8.224376239502451,6.592561895752925,0
0.7175845236562188,0.015964170994570884,1.3484714269290803,18.12819207001314,13.008510071308821,1
0.545371766648562,0.02393175951580453,2.840961234482425,24.423018147365717,13.31962455391873,0
0.40397659204250747,-0.07991003422660538,-0.6437144660803109,16.243776221290503,6.562105359778057,0
0.3938622256026516,0.06581638373512408,-1.6075175320321287,19.295065528878915,7.599597452353254,0
0.4501457388987572,0.037324423794899635,3.1357793160500576,6.369009051320336,2.866982285459465,0
0.6295359988236724,0.06990050549298261,2.2528190521950333,13.353339916339895,8.40640818186505,0
0.7287575536200375,-0.12481276890968447,-0.3041031087150208,7.3271697032899175,5.339730267928416,0
0.6961184260306388,0.12441873523903639,-0.23932616254938877,17.255916710730208,12.01216158038931,0
0.4679603381675657,0.013020518592241313,3.750869568829539,23.769643164283092,11.123250253280283,0
0.8729191683979165,0.07540914083687583,-0.8788237857346557,18.23555464943277,15.918165199857615,0
0.7427381500174612,-0.03199529635627654,4.785345906511926,6.536060966288431,4.854581830502409,0
0.6326124315068404,0.05063869525312849,-0.3012414692957375,12.093324099701658,7.650387163712538,0
0.6670324477406113,-0.032670778158682814,2.776783851216766,16.01326758881703,10.68136907609402,0
0.551760037456674,-0.011188448034790258,0.8427630485020308,13.064155122665044,7.208278719821465,0
0.4486385937006945,0.11570156769333932,2.706374862164686,21.672880209503447,9.723290498635238,0
0.5135836071907569,0.01046587996183267,0.41177199577161483,21.293420094199785,10.935951501407272,0
0.7547076662786215,0.030871643658986144,1.1744141878554115,17.23662040206443,13.00860955817252,1
0.3086360931778535,0.06350338653443771,1.5818383507914422,12.469158902654105,3.848432488929014,0
0.36964358430414973,0.044784094398630236,-0.5043749115629454,10.106727475264883,3.735886969542141,0
0.32760158521305166,0.02752094525717882,2.9816486908402515,7.117486364262586,2.331699815664703,0
0.32443728139138206,0.03824805012331127,0.47357286705682955,12.09795366973108,3.9250271990064456,0
0.8132763504066043,0.14017077926191376,1.0428001693199629,13.263450344154391,10.786850489693103,1
0.7221947156280142,0.01711906014832073,-0.4886987492170245,18.51645850208147,13.372488482348652,0
0.5845042974523951,0.030054952335748376,-3.624667317590621,18.16319648595147,10.616466401510875,0
0.35870049639060086,0.0725327198003806,1.1179444747996619,6.4021627928251394,2.296458971759813,0
0.5949695250700995,0.0752762966478992,6.325230843225832,12.905186308623156,7.678192568982669,0
0.5840830624683395,0.07935151527801901,3.069208575796048,8.635577344347238,5.043894461468546,0
0.4039211219460091,0.051936511101459235,1.4614792405312107,8.136254106336114,3.2864048870691067,0
0.5603109895427838,-0.03715024563652418,0.9742183415834647,21.54604299474492,12.072484671116891,0
0.5391028406384241,0.10167157661505481,1.5449317856240927,5.838304334325151,3.1474464511463123,0
0.6695100588313299,-0.037317269650934404,2.59423823035042,13.383657518042426,8.960493332282955,0
0.6810561905205863,0.03513177326195166,-0.8616256306176897,8.364073115330363,5.69640377316255,0
0.3271824058632267,-0.0177137925009679,3.728643389337744,22.58660431356948,7.389939539594398,0
0.5247675687758828,0.016793082670350373,2.930762630882488,16.140810265500704,8.470173761099616,0
0.6755159494285419,0.03643812051517402,2.936371451415869,9.62761272753696,6.5036059523724425,0
0.6018817551480526,0.03606786077251366,2.3769514776194547,15.048545743327528,9.05744512441973,0
0.8138939047129934,0.04109603771176424,1.5392333153879798,19.629727194062315,15.976515314426209,1
0.6952161789713671,0.10068556345293236,2.84572247193364,24.162360178388674,16.798063718149294,0
0.3977606562488578,0.04267671507569899,2.683628267482756,9.40892008490838,3.742498227566216,0
0.34234124844025793,0.007792168235467566,0.7919185781179524,22.723635442586904,7.779237726516493,0
0.6854515669237894,0.06820435841441787,0.3527964542061981,23.686082283349805,16.23566221540793,0
0.3159067863249731,0.07947352444623203,1.7037125905239734,23.328410890641326,7.3696033145310045,0
0.651465348764078,-0.04138039075684963,4.598040302990375,17.708287137238194,11.536335455875317,0
0.8641381448549745,0.049870003492492904,-0.9782141513078018,17.596413088694156,15.20573176256596,0
0.6452845067255274,0.055058637115544914,-1.43505053150488,13.064212663676456,8.43013402443785,0
0.5329019557239132,0.005121824832000403,1.8295216824730334,20.04795764607576,10.683595837863951,0
0.6859729310654119,0.08878534066558098,1.6017754037120362,15.625880367018638,10.71893095584125,0
0.57495173429491,0.012497220648373664,1.8466833287408164,18.54876142456589,10.664642550076683,0
0.627370073589561,0.026278822673577115,1.9879063958170005,13.56915807697591,8.512883701300762,0
0.8648788852659153,0.01134640878580652,1.0535954907303897,19.629929280862783,16.977511354281354,1
0.5316615826804646,0.020778952379073377,4.479726877204165,21.48943035209098,11.425104551894304,0
0.8767143382943485,-0.0348137543447601,-1.701807956953031,7.928725132056322,6.95122700766853,0
0.8432103851736383,-0.05200254412971472,-0.156994049560492,21.65859431148456,18.262751651706466,0
0.41747468087357786,0.09972525316124863,1.2934904797019051,15.805930635806146,6.598575848093078,0
0.34161678052509925,-0.022348067415916394,-1.7863776223083345,21.893318181804485,7.479124872279668,0
0.360466800826456,-0.02956961747281536,1.1482911911358578,13.626034126820292,4.911732929647022,0
0.31093309539092984,-0.08766950568018574,4.822940331456037,12.5808097076607,3.9117901049272006,0
0.356665776453557,-0.011948087384475111,1.5417729765919235,23.30121465034445,8.310745815576102,0
0.7098040640498142,-0.046154489670374915,1.961401811437367,10.023385350968026,7.114639657654478,1
0.3427131890761374,0.10210075800681846,-1.0203295303451605,21.884246505722864,7.500019910504599,0
0.4913853781762568,0.07049085446713171,0.26727718392104505,14.680411450188082,7.213739532233721,0
0.8069251865816729,-0.014407517258886188,0.749607239352126,15.281908851025195,12.331357150937624,0
0.3139631614414955,0.13262179026721543,0.8645698064875319,11.16936562978968,3.5067693444247485,0
0.7886810895533616,0.06908827434957972,4.063287590007537,16.460844012380313,12.982356390652035,1
0.46911286486403997,0.0037584308245688786,2.6153821214502493,11.504223925524226,5.396779443740102,0
0.37089889657299374,-0.10497028574367866,-0.722915913874064,5.785388284833046,2.1457941310909017,0
0.7180422992184905,0.13454712862953708,1.9930095568640098,10.43997210688712,7.496341575406136,1
0.6773657080679305,-0.0494786233381798,2.49644349699357,5.127580868131814,3.47324744541768,0
0.8264832081162319,-0.0622699373478446,3.780298077042533,24.567095741137134,20.304292102233635,0
0.7410426262823315,0.07112852160048201,4.6610813731367475,24.31494419639495,18.01841010520485,0
0.7820885582309092,0.14198762031696363,-0.5301883836557373,12.9031059494461,10.091371528702966,0
0.46922074354278387,0.08921364092552592,-0.12171502242067644,19.567417086792922,9.181437994676749,0
0.40646372626783367,0.04819545600261799,-1.0151557178292325,11.9161219682085,4.843471337860019,0
0.750368850984515,0.0497377170832643,1.0319602817860374,18.42186314171952,13.823192278646063,1
0.7841008435603585,0.06267077793901539,2.432716748892669,21.10860086091958,16.551271741425953,0
0.8943030852004041,0.05794642948933826,3.4746690331782037,23.935124893844815,21.405256037222415,0
0.5475706061468559,0.034059571198468794,1.3480979527149546,13.00424551699344,7.1207426002226315,0
0.5232108514756699,0.025210055197593804,0.8603049534903121,20.665959659120954,10.81265434981052,0
0.7658477764451981,0.01687034360502388,1.8035159844974809,10.318569012642376,7.9024531344284865,1
0.5044821241518107,-0.017698229443333813,-0.17028580326004605,24.806646075872965,12.514509505438573,0
0.8584543953621389,0.0059662461566612965,5.679077443389547,5.515391975287023,4.734712483330214,0
0.8150476511058071,-0.06464784070976927,-1.7153220542361174,17.070576130022417,13.91333297779763,0
0.557396416425011,0.015083018660262505,1.869481157791449,18.19011963302654,10.13910749779123,0
0.7505226406748985,-0.029429555357545874,5.547212438459279,18.760911141482577,14.080488571372628,1
0.7527257244508094,-0.035179465860788545,1.5135996891199954,7.407751575781781,5.576005171431966,0
0.36187432130155955,0.028994707557673922,1.1199219299970111,23.770595669462608,8.601968174820572,0
0.8415317440077401,0.08960011431722997,0.7851091543791456,8.623665581001656,7.257088336119845,0
0.6031514234687143,0.06591583030011565,1.1392166364751843,17.45506806479682,10.528049150025497,0
0.7958744796646451,-0.05852503018115886,4.245696949353061,9.453521582461699,7.5238165704401965,0
0.49202976061836706,-0.02948140682851688,-2.9237238226590136,11.144328340425417,5.483341205592002,0
0.8373139370977203,0.0670385593994108,4.566867402592651,15.929170834562488,13.337716746189695,1
0.5335210072404979,-0.029124369676915483,-1.3479143049002902,13.34386837129153,7.119234093936079,0
0.306502590888179,0.00876834250014877,0.9666953415311704,8.204512019530126,2.5147041909591894,0
0.8432291858515584,0.0475026049512276,0.6415111594026763,8.418728048416966,7.098917198172317,0
0.35477200607168013,-0.02841722274318177,2.6771065395414393,13.362895763255993,4.740781336857084,0
0.49158818255424896,0.025268775307297996,-1.6962487037674951,20.145659565510016,9.90336817216569,0
0.8700371802304829,-0.04670127474591022,2.4243453321638855,22.95929293695577,19.97543848695464,0
0.8703642881625338,-0.010068382197560684,5.548619246573705,6.682553245187657,5.816255698355985,0
0.6440627328739716,0.03598909670712685,-1.226348009185621,12.86207815118802,8.283985204492756,0
0.6791023273018796,-0.05964968667658346,1.8794123352207914,7.004911274457532,4.7570515490272856,0
0.5690673131869919,0.042023736898019956,0.17603564440678188,5.331849612651958,3.034181333388953,0
0.47592646301883873,0.01901811005366594,2.3517744123860718,18.234373652879132,8.678220957978667,0
0.4971987272219496,0.04762449772085739,1.538295554831504,17.048988839331756,8.476735551336972,0
0.7035110736462231,0.031195706703233073,0.2170261819113808,8.260382276297724,5.811270403926445,0
0.7514247176626081,0.08820702149869222,2.475744569742148,9.676256661861283,7.270978430170045,0
0.7749474262355092,0.026261225132395365,5.108696219573487,5.474155072890367,4.242182384550446,0
0.7737708856767325,-0.0014702770562626498,1.1181924165454027,21.698944113888075,16.790011205253098,0
0.3547236618292142,0.02611487515161419,2.939515884296364,24.49381192097103,8.688534656762904,0
0.596652182821549,0.047164901451819397,-1.0865459157423274,7.7091907358938165,4.599705480358709,0
0.33453525600998657,0.02244300351628522,-0.4128727536360175,9.629504275305962,3.22140867798874,0
0.6297173293942413,0.022029584560194118,2.4448125557607545,22.36819047893868,14.085637171778961,0
0.5649183008240262,-0.015099584390337772,4.46823205707193,23.529275959123698,13.292118594447768,0
0.83262250965498,-0.013145045877547407,2.2112266975713197,13.392547656136207,11.150936640126048,1
0.5105490075312472,-0.05013026358998468,0.8738839389536913,6.012449445381483,3.069650097171314,0
0.37024020985656353,0.10747883715934697,1.498582810846708,5.787836673856388,2.1428898647441037,0
0.3857950092317015,-0.04219316176956425,-1.000815467939435,16.47899732138021,6.357514923731062,0
0.7569063790304834,-0.014645259889795367,2.7090306527107337,12.857902177863581,9.73222817937489,1
0.6709308379897567,-0.01592036327845987,3.2646661246468183,5.57304855155309,3.739130134851115,0
0.3606736056736741,0.06474621884722206,0.5958193343338393,16.665047846251134,6.010642895431694,0
0.35046408366899845,0.0052525160853986105,0.559915704480997,5.226050731780449,1.831543080921134,0
0.7205814788754721,0.08238710363368669,2.031756459304097,20.747439162985458,14.950220394942948,0
0.3436578038185161,-0.01367453121219343,0.626560527918809,11.128656454067432,3.8244496364555687,0
0.7931160355742137,0.0339497081111901,1.3677347707483551,5.805160060184642,4.604165532807407,0
0.7237453362938977,-0.021767352662987866,5.699443578333031,16.767044419663065,12.135070202163766,1
0.34880926838513987,0.12725745638866942,1.0059485985080068,12.953688288661095,4.518366534857031,0
0.35090262845111514,-0.03937992095147565,0.7833196959575556,24.47600826714299,8.5886956349317,0
0.8919837471007053,0.035491035511351375,0.20491638872968165,15.883973250074044,14.168245978448414,0
0.5245624774536722,0.051688844046604926,2.9883839429998735,10.504783620740167,5.510415321210219,0
0.5223852882401345,0.040689954872574916,1.137551653563794,19.188777292679497,10.023934957012127,0
0.7876797403545016,0.010735617056114586,0.20125392335714798,10.429840050854226,8.215373703195839,0
0.8683491464303152,0.013508965013328692,4.142608064546025,23.0848658281513,20.045723537333533,0
0.8916006382937227,0.02219057359895548,4.339206009027274,12.494439410147528,11.140050153209781,1
0.752026911155365,0.012649899918575569,0.2991528685225897,15.997371255524104,12.030453691897415,0
0.5257557513185495,0.06819395583974548,-2.2330799027212325,6.011462076484577,3.160560760545116,0
0.35010043001920127,0.13052615007956755,3.5150273796738443,13.522424759044615,4.734206723043814,0
0.7662881495564622,-0.007874589250391681,0.13074034847999205,21.6472707932199,16.588047079084127,0
0.6350425498414831,-0.04849014897895389,3.0812511983255373,21.11297610726684,13.407638181901044,0
0.5545332055481857,0.01558589758243726,-2.440207635423671,9.486371177070525,5.260507817840835,0
0.8438126310568417,0.1489854668827159,3.2851946765986186,9.521581420211254,8.034430670010398,0
0.3667184893836908,-0.020183728398486544,-0.9223438585615624,21.346106244264735,7.828011836120533,0
0.5955750625745155,0.10195584027220338,2.9615282381330488,23.60796840338651,14.060317259104107,0
0.3068121868604514,0.10388504070382204,1.5285461356728682,6.907218425460071,2.1192187902382082,0
0.5811963851964759,-0.007679412085399729,-0.4078788387932897,14.001172788524505,8.137431013201704,0
0.33378196540910243,0.048449153959263774,0.685927374146439,11.749085579284579,3.9216328764133492,0
0.37129074976084314,0.10141983115642692,2.872636913913402,22.413769109148788,8.322025137502278,0
0.3705157480662629,0.0010436129506256435,1.7117889062304685,6.670498293600375,2.4715246652280736,0
0.6895261812696382,0.00982098199488191,2.6688259609449685,9.222518851160748,6.359168205128121,0
0.747626927559254,-0.009084045697432187,5.452881169030971,20.049366751729885,14.989446464104473,0
0.6500212590582959,-0.030737836534643345,-1.6284832234221027,6.025876979624312,3.916948141225796,0
0.8773035290847253,-0.012463877253300355,4.734425149937248,14.850707614285785,13.028578199418321,1
0.5249223477142224,-0.041197013338112834,1.7087118750464259,13.8421406935944,7.2660489902721475,0
0.4714272517691165,0.021704173412961304,-0.2975680966462564,11.688023579774974,5.510052834825947,0
0.8211594769136763,-0.018498661552932092,-1.1606272514779796,12.891446306378477,10.585933305606494,0
0.43415750311167156,0.03168929558953738,1.121759218445933,15.59881173860466,6.772341155941631,0
0.8779335236643668,-0.05779478231018137,3.3433002238489187,8.227347167767663,7.223063889408313,0
0.30729268481388977,0.036544011610722855,1.2449017592449316,16.439917565671855,5.051866406874331,0
0.8819272960245834,0.06167644808044624,4.522309860494695,21.108646585999725,18.61629160632929,0
0.32589594717034565,-0.07968678212857278,-1.4023513801031178,20.20321859580318,6.584147060168817,0
0.8346858682188427,0.038702828492378605,1.475822104307891,8.077998093875474,6.7425908524566065,0
0.61662066545178,0.08138344962366462,-1.0047868888262381,7.984989394829478,4.923709474265158,0
0.8957788776715803,-0.04048205093456027,2.2272637652499356,10.363487354898266,9.283393071534384,1
0.3442779388412393,0.10362861934188518,3.273774780194601,12.221494526820745,4.207590945253333,0
0.6323125706407925,0.04095095046830226,0.6584764126378935,13.169111628169652,8.326994826663505,0
0.8815815213714595,-0.015250592787920441,-3.7084277132542685,18.593944336666905,16.392077736615043,0
0.6138587065020893,0.0172115461171147,1.897896293592989,6.133608643316708,3.765169067976429,0
0.6776391828811575,0.047916345626086126,2.3734771034670192,5.693454084521328,3.8581075736064214,0
0.7174492133907704,0.023800269570620577,2.3085895099233955,12.83821125887818,9.210764569026683,1
0.5727246388606639,0.04693779962231846,3.971564383644308,18.94327384275961,10.849279670433159,0
0.6765348480504381,-0.026033679653968318,-0.6421073592980977,8.868706859129652,5.999989247345157,0
0.6505885871538601,0.0284680412018039,2.860432210900899,17.830089625125034,11.600052818036795,0
0.8406948062945934,-0.05068572484524901,3.88501502495595,10.196562758805989,8.572197353385066,1
0.3272678282048747,0.014438696932564984,-2.0571751680130337,22.721722176270326,7.436088669702529,0
0.4685779137553382,-0.02519538207323949,2.1393036518379542,22.91379888533233,10.736900077898417,0
0.8702468904459353,-0.016776497129488328,0.491640337984657,10.94574408562653,9.525499754133474,0
0.8341582703345498,0.08180465876052187,1.3369546537967083,9.59987507926481,8.007815191547284,0
0.5733940516714278,0.07456550602971346,2.1953529670766727,13.226079441324625,7.583755278589301,0
0.6720795586809221,0.05045690604535885,0.5255428717728954,9.810631703602974,6.59352502573855,0
0.4664287097886796,-0.034615638233628954,0.1485838416767764,18.447676865834072,8.60452611912946,0
0.4128726958342568,0.0041795775152599045,1.5683048349760491,21.52129369096571,8.885554544029794,0
0.5782190429639893,0.08065488499895918,-0.6744918777256053,18.46184261822434,10.674988970061467,0
0.5120113368156317,0.02708584568199524,-0.6716502577703709,21.48700894498699,11.001592174092226,0
0.6501936671105233,0.1359664769990847,2.8587465659130067,12.939843244149483,8.413404130748882,0
0.3466407821789909,0.03966589196971859,-0.7975880703173122,8.126339414177217,2.8169206507823534,0
0.8846368845996999,0.02960245582450158,2.832625001818424,19.759018947951844,17.47955696486256,1
0.8917264466877619,0.00454417678987493,2.425182585707902,12.209490102831078,10.887525225266954,1
0.7188970284118472,0.026677045239114117,-1.9516134575811934,18.42541650458265,13.245977172395072,0
0.6216578198064723,0.012376508180972804,0.1448706953286898,10.412878839635313,6.473247557356638,0
0.48571656977179667,0.05540543383442953,3.888218806094745,6.624592696133453,3.2176744405012387,0
0.7882770118241693,0.0678351158397292,-0.46233106227936327,24.851635909755267,19.589973293884103,0
0.7108387035323276,-0.019299473025397477,0.5711914753812247,8.124030158611985,5.774875065405273,0
0.39757016360693476,-0.046561647677888895,2.424121786503793,24.768419879269622,9.847184743686478,0
0.8465563106963057,-0.07181026865516484,3.066781018565191,24.545598651328945,20.77923143810125,0
0.7935223457539015,0.04539956634562718,0.9969222279110086,20.876362078160792,16.565859807069945,0
0.8698799479751544,-0.03516833030869368,0.30497961061671686,18.18845924163995,15.821775978865977,0
0.735431705033016,-0.08764452964762415,4.344739723397016,16.556141005021694,12.175911008090136,1
0.668049117561474,0.03942893022654821,4.977799327595157,22.322030907556695,14.912213049973198,0
0.5509458217743713,0.14464997587163952,3.457716101563591,10.788790432389758,5.944039010724451,0
0.859637090012408,0.019696454423005334,1.670636285130048,14.35362424969754,12.338907781141527,1
0.8196383337002451,0.06192453872258209,-0.11653144328185272,17.387799387330038,14.251706916545334,0
0.32713120206371366,0.024091467927378252,-0.16088881311313052,13.223809517389821,4.325920703285309,0
0.3158201846983512,0.015055517340442866,2.545028210531515,13.54972908180536,4.27927794122839,0
0.5258780201268298,0.06595382414938843,2.3367964417773672,11.605693350041689,6.103179041119038,0
0.7863319984690997,0.005486272790567433,4.303197185892859,16.28463633369072,12.805130632613537,1
0.8923656775889668,0.033369615703595146,2.8009001850722783,22.01149056030232,19.642298688587328,0
0.3902501346621169,0.03608489030980068,-1.506160603519636,9.030567560126258,3.5241802064146164,0
0.6564784292112811,-0.013404522682152437,3.603895235445837,23.68866077506883,15.551094815736073,0
0.528534513978613,0.06960211747682614,-0.49612125462882584,18.78175307496459,9.92680473314273,0
0.881948638688762,0.011252012165229568,0.7320574560952968,21.465464253600604,18.931436977285337,0
0.8052713538814253,-0.01778725797464224,2.0004004125033887,16.123813852600232,12.98404541081547,1
0.8029972228266828,0.04682549217852018,5.491334979567929,20.59033402848127,16.533981041944205,0
0.5812158958769822,-0.024923399089551868,7.719837112010722,5.324007946789344,3.094398048449341,0
0.5488917014025991,0.021409057868456413,2.7134461182723655,21.367608495590705,11.728502982049413,0
0.46404424315842374,0.019544050167789824,1.1336067625592243,5.802777181707331,2.6927453455023493,0
0.33382529799055627,0.0742947782915789,2.5690112969611008,22.79826752725725,7.610638450955073,0
0.8188334257530321,0.04373491164399764,3.275310851747672,24.839254944772865,20.339212219581306,0
0.7877406054780466,0.018748652062742805,0.8586647488856166,10.881349243535556,8.571680641520784,0
0.8998306039716784,0.06088831496001436,5.090422711824644,9.206371125715872,8.284174490440334,0
0.8979821022443433,0.08951037745086568,1.9601415183828041,20.307267277160815,18.23556256038263,0
0.6332590233615765,0.04789051531759311,2.4954861781827886,10.060526818405064,6.370919387526139,0
0.7613924491083064,0.02051763099216903,2.8318485041089225,22.31124766344407,16.98761550113166,0
0.866859437929457,-0.04559181161750797,2.3431732212289114,7.056851843149534,6.117298622304058,0
0.809788434406447,-0.03325568315376863,3.1778810009392244,7.519103927587166,6.088883397660178,0
0.4484088610459186,0.004738764782266617,0.26549362690615363,24.583031102012313,11.023248977509734,0
0.5703264811860562,-0.010475610107964158,0.3833964921079389,18.476777965400093,10.537795760662695,0
0.377495649090897,0.0106514348507277,-0.7003084659433898,21.937744488579057,8.281403095306398,0
0.8724306163552336,0.02283249624485536,2.379002461240453,11.48658754703036,10.021250653474048,1
0.6637047806705281,0.04648463771783654,3.057873007024228,18.52967499041209,12.298233875407625,0
0.43718568330207763,0.01647506109704544,2.4155457323037717,16.884836546171943,7.381808802882073,0
0.7030204106435141,0.044325082191310095,4.848984866695075,17.06300240245894,11.995638955787951,1
0.6708769442747375,0.023223720740506014,1.4888079623419068,18.650649190754432,12.51229053783344,0
0.5148976308197043,-0.07877332831769357,2.837483311185025,16.50718346258197,8.499509656389659,0
0.3681345553197774,-0.026966769690937715,-0.6834017522786286,13.581247386053318,4.999726467152628,0
0.7029439173556797,0.012795622213919226,0.725800595051198,10.518453887610937,7.393883180282311,0
0.6121846205422761,-0.040484737142055374,2.891075515131555,20.371626618264038,12.4711965111309,0
0.7633910350413837,0.049996436499810226,3.198204221486288,9.525448600063724,7.271642066036146,0
0.612098100667196,0.09653754161718488,0.9120661046716355,18.847086123088282,11.536265619053404,0
0.8113089001911242,0.08093809258486584,1.3568014962838664,9.666656452986533,7.842644415397938,0
0.6311441032646914,0.009327856453489599,-1.5357474933616189,17.50660339908908,11.049189503528675,0
0.6365627829212318,0.09453630684249761,0.7859415983867812,19.941565342580578,12.69405833027868,0
0.825992161595007,0.027433372860105578,3.280766327039572,9.374277778130784,7.743079965350286,0
0.5420897197274382,0.0031457014440980334,2.6504100322131325,6.198866017226166,3.360341541906074,0
0.38040913707038443,-0.01067013317704699,2.501331442762419,7.619474859883482,2.898517856377764,0
0.3172696057880034,0.0048765156755935825,1.5995473743619202,17.11993934542051,5.431636407236094,0
0.7530823534041715,0.0005911590729385623,1.5141263172563528,21.98892812451471,16.559473740844712,0
0.6721857308120789,0.028520811118774386,0.17935772105310588,5.899936424708487,3.9658530773874783,0
0.7224478608595342,0.02802869905249323,2.8976568404050695,19.683025180832924,14.219959437137092,1
0.4277784969053464,0.020152301007670723,2.3419458887787794,11.826372919001042,5.05906803113236,0
0.3818228853520619,0.041846908487317494,2.4840376959855988,14.57056739839045,5.563376085270128,0
0.30872679940072917,0.07953231373931707,0.44793031466483924,23.577190996911312,7.278910715336116,0
0.5103525352839582,0.06747770677206619,-2.8066858397424888,11.639430094716909,5.940212658099176,0
0.6539506121127798,-0.05424489842249518,3.6943054235073913,14.30673867878972,9.35590051633212,0
0.5353464270598394,-0.10769605674509773,0.5423250879831917,5.273648295213622,2.8232287724128255,0
0.5624849532142375,0.06671599556196368,-0.22555152808624124,6.631974400096768,3.7303858101564513,0
0.8424952166962492,-0.04834393492077105,2.8869578238279874,10.17183182269568,8.5697196556598,1
0.5089532802139802,0.008761729905365823,0.7159747201617408,5.557044816421488,2.828276187613812,0
0.6083936934958865,-0.03850565130296797,3.6198727680932437,17.62750652096502,10.724463799412733,0
0.7701918076446859,-0.07009902187900098,2.734011899153395,13.527967136032451,10.419129462258738,1
0.5379256693927621,0.0470731364102394,2.867138646400955,15.96290405456044,8.58685584900186,0
0.6732520201367241,0.05795775801513235,-1.2319114224010685,8.492943717926591,5.717891515001578,0
0.8174182252480471,-0.008825520036335972,3.923887970772801,10.918640588732323,8.925095812162867,1
0.8697123741945854,-0.1095521146072455,2.022501062467712,18.276489497054502,15.895289072425674,1
0.38824408855742276,-0.00731222241262414,0.7614457215075937,24.306054472607997,9.43668196514476,0
0.8559525750968968,0.03959020027012733,1.7867769346845022,6.008335472044184,5.1428502193422485,0
0.595269775847723,-0.05394557843870644,-2.05247046579664,22.807686417105323,13.576726381115442,0
0.454946632979375,0.029167995988957782,2.317305622961342,16.53762402622417,7.523736368209501,0
0.5754814537429569,0.019234507541350223,-0.5587430163641431,16.278391335112474,9.367912310127279,0
0.8880195451712862,0.04896457498005442,-1.2053405716870689,15.005570704155208,13.325240071739485,0
0.5955708563957218,0.025979018420707663,-1.5447183724357822,6.387881718083667,3.804436185393665,0
0.49725096617250497,-0.028653447044077778,3.7253767499798505,6.797537034723213,3.3800818581095022,0
0.6800405125900355,0.07982857508322456,0.24147321261442256,17.018240113181722,11.573092729948403,0
0.4440873712669159,0.012073521348651499,4.567455419832998,11.819171428711165,5.24874477032938,0
0.34551799686519835,0.018634773024503407,0.4283970738954044,23.34536133155361,8.066242483372664,0
0.3773278331463895,-0.026663397953659806,-1.9147159151858935,13.131810747189444,4.9549976945254635,0
0.3768275033746635,-0.002164112559575517,-0.7330488798973183,7.865629174052822,2.9639854041292413,0
0.39114161610737663,-0.02424013570134505,3.9716232400138773,19.29437667004072,7.546833672504191,0
0.38329630358964606,0.01135269700382885,1.188203644126665,10.867068428820197,4.165307159622524,0
0.6845248468819288,0.10558542400711718,0.40342540701879814,15.509406147117863,10.616573868085501,0
0.4091280506394869,-0.04859505714656781,1.8200364517055754,18.9566557101034,7.755699597318502,0
0.5074003699943179,-0.06067806989383706,2.50356547233509,23.00528222404141,11.672888712302315,0
0.8380730459436072,0.09355851637468043,3.7347976318049216,20.84382389603352,17.468646981660957,0
0.5843769841577234,0.009533816142406695,4.396998459785852,18.527221357454483,10.826881741691814,0
0.7005346431126164,-0.013453636932995828,0.7804627084218285,18.59266364790287,13.024804993096554,0
0.4033919227209779,0.07199523436980383,-1.1520953721640765,23.91849288064173,9.648526831710088,0
0.41537341128520244,-0.010280776986843206,0.673069677753448,10.91648194993072,4.534416346776061,0
0.3245211697598873,0.11130048567734682,2.0205610131657723,5.022241883923748,1.6298238109880347,0
0.40136103784329874,0.05389629356696346,-0.42751785242122176,10.439091187963975,4.189844473342055,0
0.4671542034191752,-0.004395570407285134,-0.4143018297900858,9.35782759253488,4.3715484947246095,0
0.40620629056604807,0.12786541066327517,2.1875757630997708,18.236691702279963,7.4078588885797725,0
0.35322152025423337,-0.010285746150166922,1.4026952968590978,17.67423199531058,6.242919094709616,0
0.3723815226603605,0.057104768600465344,1.565593990823173,16.869227654094477,6.281788679935962,0
0.5764672608196355,0.0349646290203246,-0.016990669400138936,5.3248688641890745,3.0696125683628397,0
0.42380023104347553,0.08508706446993991,1.0391985715884653,19.57556108901295,8.296127312329357,0
0.5185619166288453,0.09807555983634264,-0.34846628853660877,11.47060824970983,5.948220598868175,0
0.6020503625129141,0.02160020745328833,3.280396822249574,18.301119780132623,11.01819579802111,0
0.7142368971776192,-0.017670893517309178,3.570498669447505,16.131568570043065,11.521761482075561,1
0.32358728390465935,0.042998607146955824,-2.1923757244761877,11.854618508558143,3.8360038049102334,0
0.7796462393454257,-0.013885768487605307,-0.35902172038482005,7.691525342082155,5.996668807784391,0
0.6767402336945447,0.12066936237633116,-1.4930585101801581,6.888377953209619,4.661642505831427,0
0.34905541916932314,0.026826766554136874,0.19995213118620359,21.63036666224447,7.550196702075897,0
0.8241471744640665,0.0017339224343945643,1.3331240604192782,23.36795084163116,19.258630659145524,0
0.852523440319088,0.029234015293245423,-1.3992904393970602,17.995760935285993,15.341808023709865,0
0.33664677591291825,-0.04735631447648482,-0.34371962625062635,7.0686822972096675,2.379649105308355,0
0.46612658888832226,-0.028580701925532578,-0.507914744162997,13.040544337764814,6.078544449409238,0
0.7837207678758369,0.08002069539722127,1.914534658797888,19.578784002103145,15.344299632203427,1
0.7489558142301951,-0.01284471394856979,1.6386886740725009,20.596417680201363,15.425806773900398,0
0.4107126116138264,-0.032345549134096985,0.056524893325493375,7.364372445821772,3.0246406401203623,0
0.4256095940020262,0.04683263762636431,1.853641744278796,5.000614376907649,2.1283094547163595,0
0.5222832616748292,0.07928520773314986,0.4066398308254693,19.2427409176121,10.050161490014142,0
0.5907137911146128,0.05594766553325334,0.9566897793478935,12.131923519724113,7.166494535848767,0
0.6709528629181776,0.06980238429029083,4.846904180597074,10.089626632365205,6.769663874760925,0
0.5213481837418634,-0.017839754428473038,4.180922103580696,5.257949395790509,2.7412223677020098,0
0.5775208296798888,-0.05109053333709218,-1.0991624738551953,15.805988135229994,9.128287381768505,0
0.748482562880254,0.09506668259777434,3.159464835758349,22.023014708519636,16.48384249138231,0
0.3220099217343587,0.0038660080578932117,3.122793108983184,24.15263292545176,7.777387438003416,0
0.4514621666064125,0.007458349177247633,-0.7965265775052366,16.314899012265784,7.365559656042329,0
0.7280097515307316,0.08640970709245291,3.1375552875097212,15.289226554797883,11.13070602525547,1
0.8371241026123197,0.047811500470033,4.575863836825105,6.7011277097848225,5.609675520544169,0
0.6070064652693997,0.042794388604080386,-0.7450896124888278,15.977456030851995,9.698419109284723,0
0.6192680911591895,0.1282501172450542,-0.33500564202852723,12.599581579307893,7.802518834022485,0
0.36430320680386563,-0.01217591151900715,3.535322933687005,17.142705617671538,6.245142629812383,0
0.5684474200940728,0.06639200640406186,2.042990621651296,12.774526957530934,7.261646891930645,0
0.619570359873014,0.022850656244854224,2.6029525504790465,9.805982469007335,6.075496087231341,0
0.44548230218083784,0.03342961394316285,2.1811784328009933,6.89930550456753,3.0735184996236704,0
0.46154593856962856,0.09642342132062659,2.2813918418562884,11.298368891777915,5.214716274461532,0
0.5263704978627737,0.045391787814481194,-1.152944256622166,6.932896685755045,3.6492722801120565,0
0.3120427186666358,0.046914803952481654,3.5946354132428966,8.53793901647968,2.664201702512262,0
0.49324749934990697,0.07362536686549011,3.839179984855547,24.74672317159092,12.20625932149162,0
0.42686880419792683,0.0017523635228557342,1.0412185118639445,13.882071138132373,5.925823106525119,0
0.49649841130674877,-0.021960483366950324,1.4130461003722752,15.637435330100331,7.7639617983068385,0
0.37185727909155075,-0.032240459701051674,-1.5622150051114443,22.472370574744307,8.356514576661446,0
0.834316368443937,-0.07831782946880009,2.5285095120356695,24.911378009813756,20.78397043408196,0
0.6561554721324292,0.12281035649701612,2.644114883428288,16.654288986893633,10.927802853225108,0
0.7074613914866938,-0.035160418286084155,1.375617966001378,21.249476420883433,15.033184157081884,0
0.773502743164403,0.0089373188207114,3.7487067197410053,11.538820486733506,8.92530929936998,1
0.5990653193574345,0.006159335005553965,0.831845538040119,11.114879148945821,6.6585386269825175,0
0.3521521728524542,0.03537033489045504,2.6292118517872005,13.054074419891204,4.597020671542328,0
0.6222639250911287,0.06078686062696484,-0.5393286773842312,18.450145253472982,11.480859803927556,0
0.6521046708125275,0.06302367441798727,1.4528956982515238,18.643833785101975,12.157731093117404,0
0.747263684510598,-0.009153871928446924,1.1512914841943283,11.304788692989016,8.447658051336719,1
0.5589957277378077,0.011643914310679425,1.950615844081883,7.664198482732574,4.284254208382096,0
0.3765481816773383,0.034128997524414985,0.7609461423332828,17.64792512931017,6.6452941178195495,0
0.47026554347923466,0.0075654436908226454,1.2370548086566644,7.566517243775291,3.5582723438889876,0
0.5178493778391811,0.10036727880099965,3.1520943428830126,16.5698501645866,8.580686598619623,0
0.6875503447989608,0.04454874758191257,0.6264715255235651,18.86844256112618,12.973004188721692,0
0.6424669828013472,0.05674388930249087,-1.7131542014773586,19.01222992788903,12.21472999809634,0
0.5136580355387077,0.053144063433370636,4.999167808410841,20.069442213191934,10.308830261585783,0
0.8919091492757878,0.07867369287426625,4.2629081573809735,22.45718843131329,20.0297718288987,0
0.6634648916141324,0.029051077935185347,-1.0845253902112373,14.999179839295769,9.951429226379247,0
0.44233607504159667,-0.044841597397792324,2.8794156104903887,19.604983790591426,8.671991581184335,0
0.3610694835722422,0.03998439758763209,0.4940504588973138,17.383454707316734,6.276635013872316,0
0.3917154835105992,-0.012567844689591452,2.0269744306621194,8.732798795953652,3.4207725027577633,0
0.4475746370307049,-0.006430834087487843,2.0884482580269874,5.513792897388163,2.4678338547109857,0
0.3964088239557334,0.049318200937754665,1.031184399367356,10.690827713538676,4.237938441037229,0
0.41194021443078344,0.08191415357168179,-0.06753133117279297,13.860674126752388,5.709769071929591,0
0.4710571012163083,0.021063578836803085,0.11891789536748121,17.342118888573125,8.169128252599842,0
0.4040241571768529,0.03544165062994819,-0.3323838309624849,21.999186610064108,8.88820282870746,0
0.8380592547758552,0.1051107472317619,-0.16364441646088945,8.924914334123313,7.479607055793732,0
0.34814024739698535,0.03203765897442842,1.3656434199012895,7.510995797969542,2.614879935302834,0
0.6147068337421528,0.15008415570901973,0.06848002177849644,24.26959894948655,14.918688326430756,0
0.5462380961937969,0.048275482281577214,2.86410413142524,7.160891187528142,3.91155156932631,0
0.8894271701451639,-0.06803813795779089,4.474492310671854,14.569821402143784,12.958795019229191,1
0.3672233413008314,0.057667081055226624,0.339893517259914,16.711274575866035,6.13677008714516,0
0.538713359427445,0.039057919244138886,1.9788090010707542,15.827488418148764,8.5264794570399,0
0.8816822599652214,0.08448763770413728,2.4993702206058677,6.720643140658864,5.92547183267587,0
0.8193042755363882,0.05365906756349792,2.4440045418385488,6.140538280072388,5.0309692669581665,0
0.790243242569568,0.01307720080081131,1.6519105358321748,7.1096685492207135,5.618367527931053,0
0.4547416962269639,-0.04121491181446829,2.9853648367194445,16.71175367745225,7.599531214211838,0
0.4025325524340395,0.009548837135698736,2.4644979053613145,15.886897752686423,6.394993502647472,0
0.7011859319546586,-0.02252602271046501,-0.9753248446545957,9.674815840734885,6.783844761775384,0
0.8576255934765515,-0.009026172490236135,3.2383121287785466,17.75548283691183,15.227556505469234,1
0.6340577358083579,0.04942892022103049,3.274581674533484,21.401350041112988,13.569691550310209,0
0.64296761368194,0.10349522521757032,-0.02657220835716312,5.831579196931875,3.7495165602485314,0
0.46798745619617055,0.03973357649114906,1.575875670895204,14.962598870960848,7.002308583704661,0
0.7616957599151621,-0.039794153101759225,2.8666579856221386,18.786208242053807,14.309375162855657,1
0.412226249134514,0.04223013341100704,1.0813723608412769,10.046238541393741,4.1413232318293325,0
0.4942075418425462,0.07983157433228256,3.6459560955320236,11.155418105862982,5.513091760324377,0
0.55526186316985,-0.010489145215969112,6.2277449892387216,17.272758059787677,9.59090382235975,0
0.6045662272106731,0.013299141666354115,-0.07197206526996469,22.958705868874738,13.880058188785139,0
0.44544583944904814,0.020734409736459854,-1.2620892063075497,21.198488406057987,9.442778463087414,0
0.3689020948435221,-0.019244915654112005,2.1076371912097516,16.66260438199167,6.146869662065578,0
0.6663720254649796,0.05241402169219295,2.9431250102522872,19.604434355144985,13.063846629333195,0
0.4731783319441535,0.01395259256961092,1.0382672523104621,12.296449404155974,5.818413417894203,0
0.6487429328535674,0.04097662219535139,4.406521326642069,17.819310561975154,11.560151795404312,0
0.39261762916452136,-0.024374608890105006,-1.1772115994464976,14.323631822551139,5.62371036719552,0
0.5886840611128905,-0.0018729150161705226,2.8858372460632222,8.79872272915122,5.179667828803035,0
0.6195536595309515,0.05611906789138857,0.2882783584822133,19.034765477545143,11.793058609926513,0
0.3310941220934561,0.0013583423954116498,4.938755812414593,16.12929274697644,5.3403140220485135,0
0.5019625669163523,0.10634819256167026,5.485030706336237,12.172431639071828,6.110105031162317,0
0.38064880616338453,1.8190719269881028e-05,-0.033313175566695774,23.226783801572616,8.841247525083654,0
0.3380249822836606,0.031234236287594298,0.40088572818283974,5.418682356534665,1.8316500075684146,0
0.8939761394339671,0.0666295415936545,3.219175773959604,11.31546302498992,10.115753950988289,1
0.4934123069848338,-0.05091828664665159,0.7257387004209708,6.137627955552931,3.0283811689639806,0
0.7859246675127809,-0.0680404405990388,1.4091775641355235,20.330546324432543,15.978277860382835,0
0.45278439285825833,-0.05628281572850474,1.5507768410848204,19.042149082275852,8.621987910934713,0
0.7089016333343576,0.0831292051713591,-2.3393463123953127,11.62704437472634,8.242430748094558,0
0.7561367159338119,-0.00759290729462234,1.4723245078115255,18.51325804414146,13.998554138732349,1
0.6573832443647066,0.1479099642834126,0.1205444518716523,12.918744523918997,8.492566188252658,0
0.582945713130095,-0.00821237993286943,0.513754355200456,20.125075828448686,11.731826680612258,0
0.5471045484883612,0.02922756515985185,4.387264006937628,14.083673254734121,7.70524169708892,0
0.5093209599257972,0.0971054976283938,-1.0130137885585127,13.24559455663331,6.746258934372392,0
0.8577174865486956,0.12030464440795616,3.1264103734959545,23.694598309766018,20.32327130703348,0
0.7983716446726375,0.1230751788318199,0.942074139336383,10.017581997814005,7.997753415237773,0
0.8790161463999075,0.08041831152965713,0.9404796630083312,7.408946799931309,6.512583864957546,0
0.37457833409132685,0.07120312629057313,3.080743792103423,16.690862265189164,6.252035381842347,0
0.7385204851221866,0.04962634746005916,2.180102589137781,24.386436245683576,18.00988272656351,0
0.8630042740926227,0.058918053808331886,2.641225994439062,12.556784274543734,10.836558497790275,1
0.4087398396993961,-0.007559285816426672,3.4363693210657225,6.24073527257563,2.5508371349189303,0
0.3398977604200665,-0.02090994417111536,0.8373832336333545,11.786105346191349,4.0060708112454115,0
0.7446723895740355,0.019831277129452398,0.2755265309844994,15.118633086391169,11.258428627535986,0
0.6446838679079472,0.011490768873753578,-0.6703010531155962,8.238460132644274,5.31120234391853,0
0.8050972660549633,-0.0026614024663637603,-0.1508210599579103,18.16204436112984,14.622212261114598,0
0.3838634259757737,0.05481937237283577,7.3981888506174505,24.95498778020401,9.57930710449268,0
0.7771603871159342,0.06776526042852554,3.9893591614735735,14.034789519628877,10.907282456165433,1
0.42097639202864673,0.02442034431459237,-1.2021487324160427,12.094571134604253,5.091528919379515,0
0.3981935657194227,0.0938765040527631,-1.1449159134871403,13.014083336689332,5.182124248406048,0
0.39855947875859576,-0.03708445570667525,2.463732123436983,7.302923567904022,2.9106494106376917,0
0.7887448321388293,0.010317027036014094,2.594529594755934,22.665472028524476,17.87727393048587,0
0.6991183324177201,-0.01584111603014025,2.597767670634729,13.296513110427039,9.295836072732104,0
0.6138392548614716,-0.073326830853653,0.9900884128926043,12.745488228496827,7.82368099702615,0
0.5152982904741015,0.015865965707865037,1.2490914799941994,18.193805458609486,9.375236850039844,0
0.826320324487865,0.013912624580835822,2.155759048318715,13.84066841862247,11.436825618805065,1
0.5354670644535813,0.09567248716210656,1.6717860125866608,17.96466937615692,9.619488774729895,0
0.7899596636829463,0.051540584227738884,-2.93860074549507,6.22892580261575,4.920600132140365,0
0.5634809451421311,-0.03120934121646025,1.0404007388496124,21.27446687444455,11.987756701806974,0
0.5261666576549446,0.11270462831670942,-0.2028128685206272,23.81007905758805,12.5280697162311,0
0.5776078714017638,0.08105168477626765,1.8504228378170242,17.97530772318772,10.382679231782143,0
0.4808267244984853,0.04910488517343079,7.47051800520682,24.091318577176214,11.583749800313148,0
0.7485656281057507,0.008675795057508404,2.2349633309486086,8.028646287399265,6.009968650965934,0
0.6016322340554876,-0.02797196183617399,0.8729406276552042,14.548323789607075,8.752740543303902,0
0.4393276170880904,0.0013896611964473483,3.343603003954504,17.036134678908944,7.484444452876847,0
0.8397447439647412,0.0744374309852093,2.4653757744184253,16.634732948423732,13.968929560695932,1
0.5303347328239268,0.11422931529673046,2.3401889809036827,13.029235581780865,6.9098561711637565,0
0.6261317166683932,0.09716217641360946,2.713701186431342,11.761688187325227,7.364366015648306,0
0.8438832665787281,-0.004442471089313706,5.613087129659083,7.5364804510083765,6.359909741503675,0
0.6745427975483953,-0.03598087166445056,-0.7617768706518313,12.834849011245563,8.657654958156836,0
0.37013882442501844,0.0270443123455602,2.4472641536229087,8.253216302109703,3.054835779788283,0
0.8638992741680851,-0.06842196827814258,-0.35276225996307686,19.687313529844367,17.00785586875207,0
0.6766248318428507,0.03615838570923907,2.611025292684497,9.1766187098918,6.209128091466497,0
0.5009433687942517,0.012619870685066566,-0.33737302297218874,6.171306105690677,3.0914748704452224,0
0.38356324359803234,-0.0033018250934121127,0.6652663727898313,16.047322756344684,6.155163167488084,0
0.7764151135621776,-0.059735153363339774,0.9098201715241874,16.90459465438803,13.124982778309263,0
0.6720436535571082,0.04568000532848583,3.4516334386894183,22.43826122561011,15.079491053527812,0
0.620076655185793,-0.0066350419830955715,3.3369088878848276,16.539632248353637,10.255839842562201,0
0.8363355498305747,-0.038495841785514406,-0.991434752892769,11.909617074468915,9.960436144247561,0
0.7731583267347185,-0.12361311066408247,1.6098682219996974,21.06023763052641,16.28289808705335,0
0.3910049278396507,0.018624254747468188,0.08084029050165475,15.805577863748422,6.180058832078932,0
0.48703324067732895,0.10861257983348721,-1.017009821350669,6.585605692623835,3.2074088823016518,0
0.4490934838886794,0.1030629607273935,1.065965899151259,16.317011206264933,7.327863409272142,0
0.7463677755436062,-0.0028548128293135917,0.8830344230883606,23.160370908433247,17.286154515692175,0
0.32011946084146764,-0.01011060301808903,6.353432972691045,12.92625250996441,4.137944984190475,0
0.6419338109227899,0.043438712803751195,2.365919650721392,10.926516037996002,7.014100080379757,0
0.7574752114444143,-0.029919271959414576,-1.2552350015084746,7.869389140360401,5.960867203032873,0
0.8260593820570497,0.0350895949909733,0.3704519916581155,8.028910438707147,6.632356795589821,0
0.5052490492295445,0.058304013919234524,3.542766590858797,13.655429686836378,6.899392866094977,0
0.7927543828032078,0.08134666119421538,5.67688554573985,16.91359648323059,13.408327741045973,1
0.36637904217312434,0.01499229617600236,-1.6719666244759166,6.612308103392035,2.4226111094743623,0
0.8078713750407109,0.009816312491151707,-2.25984877027809,23.791371780503315,19.22036823441998,0
0.37649319739918946,-0.023899129337828052,5.241930350743564,20.10267234890392,7.568519388907111,0
0.5383723743362203,-0.021344017701993002,2.2792283547418077,16.732478365673252,9.008304106256949,0
0.7783772194677323,0.008676055404923663,-0.23658546375273293,21.568773418779816,16.788641881039368,0
0.3899504564092643,0.0383682753408089,2.5692581722448704,6.603735136242266,2.575129530383567,0
0.43755083713958487,0.06567923131166248,-3.7714954780337555,14.536777554662487,6.360579188354499,0
0.7333515410358398,-0.020158947534017247,1.506751013194322,17.601862537233266,12.908353016781033,1
0.7320219219276447,0.0946344284479761,2.1556423456861706,21.573058122365786,15.79195146859099,0
0.6846885797311784,0.006443819947871561,3.3485402790756593,20.669391200985352,14.152096105310775,0
0.71636906668026,0.018931635282578192,-0.5277919045850754,10.541384994267993,7.55152212986106,0
0.6256346660085577,-0.01736058395739117,1.6713743228067182,23.817603391184086,14.901118342767745,0
0.45107943534417166,-0.10121201301364709,-0.3508492521191746,7.486916828617407,3.3771942155215164,0
0.5074175961023517,0.0642022698180525,2.010767511348634,22.502672372423042,11.418251921093704,0
0.4089586300808554,0.056842194854621664,-0.2906926447260483,24.418804992092372,9.98628103777765,0
0.8450703368001771,0.00593362214408933,0.6837983216795588,8.543070464452512,7.219495434702529,0
0.6500350768596723,0.023349535861243595,-0.49163078958045814,19.441321284075705,12.637540775147734,0
0.5405108500581839,0.045796960885204976,2.802272483647314,5.805710375559969,3.138049450285537,0
0.5772034821864797,-0.05812729284432713,3.2169022333133306,13.108456502783099,7.566246739496408,0
0.8683700037670892,-0.00645263386731474,1.0307588600851725,15.325665983953481,13.308348628218836,1
0.39201084186964813,0.059713233981091365,1.5764759899200567,16.612904518192682,6.512438686076794,0
0.6517378992100784,-0.04271447115846247,-1.3971828292670883,23.71874496497119,15.458405015369948,0
0.6035332073306796,0.03467789660833147,0.9006467039864259,18.445013745883895,11.132178305311779,0
0.6668725412607888,-0.047829090231170254,1.3995907659165105,14.62555902438474,9.753383713951115,0
0.31086611029250427,0.04332149912167632,6.74158618205995,21.193500725317787,6.588341133960908,0
0.823274345366491,0.018217925885125823,-0.7239340515483272,24.01065641908818,19.767357445244556,0
0.8592709694901675,-0.06075659079527547,4.428354477504875,5.441322973645817,4.675570866873762,0
0.6390799101535254,0.07823696772285857,3.4937175469316157,24.650425445120774,15.75359167871396,0
0.7179904943261355,-0.01672957883990246,2.0612728089802728,6.722642781273606,4.8267936137046625,0
0.8534996287063774,-0.02051262185071905,5.017240968390267,21.287735585375227,18.169074418117294,0
0.7243431805880391,0.030028459861547143,2.2442109452137258,10.60669505102825,7.682887228789217,1
0.3915234257485568,0.07743186747143577,2.2783183913358576,7.6435931550774345,2.992645777104137,0
0.645773016100088,-0.03079109094891985,1.3937586939649094,13.797112794276698,8.909803142633177,0
0.6640290278297136,0.023083992492398585,3.947137764837255,17.87913158895227,11.872262367451498,0
0.5544784027814316,0.041440825016528654,3.6929384676217674,12.6190369004695,6.9969834252122745,0
0.7418665413748338,0.0546552803631572,0.24864542500757514,6.091308165653979,4.5189377213020006,0
0.860620208861409,0.02882207776386126,-1.1384943891975348,16.98922279317433,14.621268468654703,0
0.8553411077440658,0.0016486080458338846,1.0940387252086858,23.048065522213495,19.7139578951279,0
0.5705036228424794,-0.021379511032435985,-0.10007712879529285,12.664307318945035,7.225033206248669,0
0.3679428275044532,0.024307194152318738,1.3729508507692898,9.32665555261654,3.431676015189838,0
0.8909047193774009,-0.033606950599280344,3.9748762693682784,13.851546918656307,12.340408520508399,1
0.8033388518675606,-0.12606752417473038,0.58539668982642,5.967254220975617,4.793727154680407,0
0.3747976087219601,0.04182799020788339,1.4143532373768501,21.409751689605496,8.024323736595084,0
0.8525051295704236,0.06519674205430977,1.6160454696167905,21.526816219003734,18.351721250020475,0
0.8219378172372771,-0.09814662177709192,3.1968617644105692,16.76000926859257,13.77568543510351,1
0.6113028342756432,-0.030486535235496878,-2.9937786679692104,12.06205777876779,7.373570107357319,0
0.6547652614469576,0.050957713050259895,0.2865994104694065,20.99566728891567,13.747233581680202,0
0.5394016223220781,0.12287477348558494,1.9225673845589455,16.093740495767342,8.68098973264743,0
0.3328569832932188,0.021039685383770396,3.9001579128537225,21.518646171000324,7.162631649033341,0
0.5011183449875406,-0.016400147061456722,0.5161951049875897,17.629175851660413,8.834303426278383,0
0.7817120691588069,0.010855177944757993,-2.253105412083748,20.688109464255945,16.17214485628741,0
0.3027792138027617,0.08874382095740925,2.7394228919322723,16.971259864355197,5.13854471897183,0
0.5000995030146865,-0.012298208956226766,0.22927522234874131,13.282821364313325,6.642732362925954,0
0.538901216154566,-0.01995960033251268,-0.8793333181807226,24.15891719852275,13.019269859261371,0
0.6224373617627538,-0.004137176109101623,0.2513092205735519,15.822276497576894,9.848376040232585,0
0.8519133698476564,-0.02766643041293562,1.130949284688301,17.101790370810768,14.569243865225603,1
0.5078075966195768,0.026133515799739777,0.2905106709235745,9.409752788294984,4.778343948208437,0
0.5081719211377367,0.10123392292347803,-2.9111321141981383,17.51301578854553,8.899622878180697,0
0.742500748865849,0.03615396365580145,3.294132393774264,16.432152989658878,12.200885900299918,1
0.5713307645338843,0.0073823248936856194,4.049750082557445,8.696767958940498,4.968731086955263,0
0.4347628937639892,0.0054094365542227945,2.8030439826790117,6.191741947062875,2.6919396463449323,0
0.571463709679616,-0.05815954043483286,-0.7753713408496332,17.087186394295422,9.764706924871124,0
0.3845142122278799,0.06415548885735796,1.097016932104964,20.27384538700641,7.795581687814607,0
0.405832191903734,0.0161081401493599,1.4869573695410838,15.468027418440165,6.277423471652628,0
0.5990206636436879,0.010976004320468717,2.6975887791238202,9.535452506392915,5.7119330885223505,0
0.5513552697027287,0.17965537839224305,2.8366809774361617,18.330439533860698,10.106584432961327,0
0.8489075406408602,0.03493764541828431,0.03165240244300849,6.602114532192045,5.604584810552432,0
0.5174363394699799,-0.01758955250475922,1.6639911128271208,13.836674096039092,7.159597994693561,0
0.6483530101668261,-0.0013178798102771658,2.4145608092304824,8.267335167968405,5.360151642210378,0
0.6793585727517183,0.07742228545983774,4.411644644293533,8.689181021197667,5.903069616942165,0
0.30785667395300015,0.025663520526888223,2.909013079649446,9.045878983164073,2.7848342167382385,0
0.6981224232100264,-0.05191389891586834,3.078113374751038,12.734141140879558,8.889989470769327,0
0.4068215801218509,0.06596144672876018,1.6676532558587218,6.0230041124079525,2.4502880500902093,0
0.8766421904816732,-0.013407204276949702,4.320918290407008,12.955868818581964,11.3576612207149,1
0.3891976366518678,0.11366488881087729,2.3195255919189948,15.234148942294016,5.9290947647433825,0
0.5487744742362143,0.07400240328573243,-0.2221758203471409,14.665885699326504,8.048263713856317,0
0.35120980084718634,-0.002366094782937561,4.306739940250381,12.655682008060811,4.444799557636356,0
0.8981245511075684,0.08405081808675566,2.895806545078055,21.78293216141505,19.563786169277506,0
0.6013170061987456,0.023392775526370167,0.6139119577430354,7.906533848410082,4.754333263134997,0
0.6572310103920262,0.06263868375611098,0.5410140652015133,15.113934875627479,9.933346689307932,0
0.3402458864330565,0.044236640864723745,2.0931510902815234,6.240828339131086,2.1234161703241963,0
0.7499762822395067,-0.022317832749543676,2.4263695905351694,6.423113577558195,4.817182841299193,0
0.42594335585735144,-0.012177491615873098,1.8945845312624128,16.477316993541926,7.018403695754612,0
0.8388325736644284,0.07149804087905806,2.12261734688577,16.32036849775642,13.690056710124878,1
0.4230837842892043,0.0032612333946729563,4.899914749152761,22.56067025688914,9.545053748385552,0
0.4144126323981999,-0.00018242316209983803,3.6430863044697714,16.157473513201463,6.69586113151001,0
0.3219298007088569,-0.02775612896746765,1.8812711825300488,24.195820408097003,7.789355641965961,0
0.5832401670659996,0.041179953279673054,3.3826211615349666,5.973896967998595,3.484216665650569,0
0.6389046799575699,0.12312624596215725,-0.5650478070550791,6.960153695614821,4.446874769352285,0
0.3394251836570114,-0.03337664571271365,2.295854099893618,5.881317231407628,1.99626718141568,0
0.7653165700170064,0.021210972833637903,5.118612699466221,8.7055370066708,6.6624917221014135,0
0.5719733008488166,0.09061102777077147,1.0639082092152523,15.825402218833561,9.051707544366419,0
0.614634161596548,0.016017930437714243,-0.19526785723816964,17.91144362854856,11.008985137616778,0
0.5644576481629369,0.0426185898124867,0.19582222281387862,5.911703158973376,3.3369060617515163,0
0.5404578365251956,-0.03311967640734399,-0.6792660746847767,23.919417796911986,12.927436793461313,0
0.6357841987849308,0.04141535486038243,-0.06952381625540682,21.84330753300762,13.887629778686094,0
0.3931441475584275,0.010642786749772561,0.758983802819942,10.932249643141862,4.297949966848931,0
0.4091568782971627,0.06928649978399315,-1.311134038357284,6.543750604529359,2.677420569704404,0
0.8170713726081105,0.07936930257823756,1.531236667899206,8.397741464381145,6.861554145109946,0
0.8676692772801797,0.1494781821009307,3.304554347573294,7.5388882750994535,6.541261741151564,0
0.5239855897678518,0.04898165866067879,-0.3155123602938408,7.465675585978937,3.9119064249346263,0
0.46244680388613224,0.03628981582910833,4.538567847283538,15.371233773314678,7.108377930255945,0
0.6863997259434095,0.029719215078866802,2.5215841770551894,9.916948849868007,6.8069909727442095,0
0.5452405026588578,0.002341685359465582,3.5611611712481146,12.162794330582889,6.63164809454332,0
0.31523181339620693,0.036924192173084555,0.18433089229572586,24.790106667686448,7.814630279140199,0
0.3936915584197142,0.005229929493048529,3.2090504541332314,18.686284978506897,7.356632654263276,0
0.7295833373084386,0.028423048813480713,-0.683867800790626,23.979613340940027,17.495126328648983,0
0.6953543651460908,0.08587987678039799,3.2804950016730174,7.851131100662312,5.459318282179772,0
0.3162575955020901,-0.030327128263982057,1.8436786795870623,12.642789496651385,3.998378206650047,0
0.43318329715976966,0.07699392805645228,2.6065024399695673,16.094636065647087,6.971927517503548,0
0.43864487795284285,0.08585575336699328,-0.8511892112497033,6.53516123777476,2.866615003545859,0
0.7031356461592371,0.014096573650446063,-0.2901396845532094,5.083748872559157,3.574565048418176,0
0.3118263226526185,-0.08609274495042973,2.6944564365067696,18.40868667593835,5.74031307102211,0
0.3624651491907443,-0.010391099354721624,-0.39669600844840147,17.836390336028707,6.465069884172995,0
0.7799496512239137,0.08484972732805547,2.4264125841982462,13.215776199992234,10.307640037837242,1
0.40712679723260015,0.018856596885055893,-1.2342756129204915,14.792881520640652,6.022578475339745,0
0.6916476647111249,-0.02996511161474554,3.196348425333336,13.308860011841793,9.20504194715765,0
0.44290966862803594,-0.005238746061410872,-0.9650466295370181,5.480100896897778,2.4271896722931974,0
0.3596648356556071,0.06203100132522765,2.6045998753590465,11.707432124349248,4.210751650953247,0
0.4459033145996725,0.04733667841006897,2.7512618672920017,8.541645107945797,3.808747865767108,0
0.7333601591133956,0.008053395041515284,0.10645636314085016,6.968483782027375,5.110408375166712,0
0.8134178808637715,0.0016587794092656205,2.6640531341694538,24.134408677786997,19.63135956258572,0
0.798131918740195,0.0004120925478089052,2.020884526667112,16.987194500843312,13.55802214097096,1
0.538310117771073,-0.02612050922492513,0.42231628761452344,19.573125684732055,10.536411592496126,0
0.7008510819423878,0.1007687844734721,-0.5171093681524161,11.30727486532235,7.924715823181136,0
0.42299057724949257,0.003883976539433006,-2.425251383345158,12.862942589880305,5.4409035112205535,0
0.475888638156608,0.08085792604127483,2.1993000945993875,9.73847987793447,4.634431926825765,0
0.8378014911126719,0.09606580259612257,-1.6296055427241103,6.939313419308495,5.81376712999483,0
0.3078011541064416,0.06991554490739803,1.6906883988826165,8.580632748831675,2.641128663053918,0
0.35130511851268087,-0.0015810156359024226,0.9731035678355018,20.950280905929716,7.3599409165315945,0
0.4247317530876164,0.04018650451683048,2.858285550876391,18.55091610367552,7.879163118095398,0
0.3159193223242918,0.018790219680454193,0.8959090010202716,15.938577519709538,5.035304608839829,0
0.4088612610538784,-0.02518509303650641,0.8411044273058172,14.50179745733536,5.929223195954062,0
0.6498249365818154,0.03621796408608015,2.963741408576591,23.44868567312249,15.237540680463745,0
0.5528547303554988,-0.03895198955799013,2.170116058168235,6.4546989555733685,3.5685108506094343,0
0.8356030266461849,0.0793839694230782,2.1323119143655567,10.612016264758319,8.867432909650594,1
0.7904661370430646,-0.0032308648649196532,2.4385351796170527,11.998757071414282,9.484611151559001,1
0.5050904110187255,0.030057982793641965,-1.5711442464142116,20.648516244255756,10.42936755673797,0
0.4556540600587755,0.034164393577307106,3.013577359973964,24.850292403239425,11.32313662718379,0
0.5278154449003601,0.007054751314796133,2.7249375880272044,9.813410295143061,5.17966952092071,0
0.6541769655088847,0.04933469007376374,-0.5333662571529945,22.486146682741612,14.709919202903581,0
0.46083818449372577,-0.003745182831126223,1.0118390526515975,21.612455208635826,9.959844620799702,0
0.6744893447094804,0.06356486487286221,1.4213854247447377,9.493147952835333,6.403027141938049,0
0.5456469913147443,-0.047298984012337425,1.2310064311965345,12.986651603984452,7.086127374966914,0
0.6312283085111882,0.026318978977320592,2.1677199331370693,13.193457385850383,8.32808378908478,0
0.5616759174811901,0.11694644995291424,4.362733563662367,24.564413370531167,13.797239417280306,0
0.4766794557251506,-0.03001656623027874,3.6635334553456573,8.617838027577967,4.1079463405133705,0
0.869071984177294,-0.013887248526242579,-1.1244383868628125,20.98315942209564,18.23587599326914,0
0.7581634764958565,0.045695392482945754,2.7441399806120974,11.683854283462198,8.858271582420704,1
0.3840679054598715,0.028979089096979896,4.15786663907082,19.61740691552321,7.534416384598997,0
0.8210807855387476,0.037531504963677964,2.2736170413784054,13.400220085913258,11.002663234533761,1
0.5924587189497081,0.04445935650738318,3.681960850371934,16.5671952623308,9.815379281710179,0
0.836731336136455,0.0517360734280885,5.52454089140153,21.652235466522622,18.117103912244612,0
0.7799131535683892,0.07548499209781116,3.547419092213963,21.083311299677682,16.443151803395676,0
0.5551281026815401,0.04049093284642563,1.9986171912834578,22.328463670794005,12.395157673361572,0
0.3134815849920704,0.007937117269072877,3.590176948169507,6.1923465068931804,1.9411865978009848,0
0.46120641563096765,0.05362868506013657,1.7897756661937825,18.841011060794898,8.689595178212631,0
0.6249805287965202,0.11499409674476078,1.547806086569911,7.799747534435257,4.874690338550701,0
0.6800869318956884,0.013368312680871321,0.7971715285725349,13.316371360368219,9.056290142456437,0
0.45473261125992137,-0.02872646523353208,4.626826717664216,15.97176830109377,7.262883905994808,0
0.3836136444436945,0.07535403346434864,-0.13685733188400273,13.054789694936614,5.007995452320621,0
0.8009581420795795,0.013980941802320089,4.564735449356232,15.39223351606015,12.328534759478572,1
0.8906413084221314,-0.08863347730070181,2.4997282474807427,24.930526175972382,22.20415645302024,0
0.6154141093816115,0.06237108385752109,-1.298612349603883,7.7043462742570945,4.741363400739466,0
0.4030075715089821,-0.006766409297696136,2.235298585982843,18.509120906728512,7.4593158673867865,0
0.4633843959116214,0.015473335884791961,-2.700053015303248,12.920019327712303,5.986935351338438,0
0.31103440592848003,0.036599016528450726,2.7510160336620713,7.660195978146575,2.382584505358552,0
0.8485792839362996,0.02952498398895332,3.2704629659779823,8.174735267486192,6.9369109996522464,0
0.3706506497340847,0.05547259085695197,0.31528808869589287,23.98546212491234,8.890227120771037,0
0.6459098853085522,-0.0017743185284921671,1.7470953919111647,22.592029934235242,14.592415463709264,0
0.46443313241232365,0.04565528990880414,5.4083148675005726,23.140839208300438,10.747372440160888,0
0.6325068015094761,0.00702266612080414,0.48850659147612663,24.83065551654773,15.705558500155233,0
0.6908522330111186,0.05694052404437515,-0.617815174113201,9.166307800170358,6.332564212214927,0
0.797845082224321,0.05076837420065267,4.463326804925197,12.108786747281234,9.660935958021366,1
0.42385276305636194,-0.026771935102229766,5.42517438106159,18.384380598497334,7.792270513752868,0
0.3065974971950883,0.07429910580875161,1.5073913436956947,14.676050797212945,4.499640443133469,0
0.3821313780412844,-0.006798172255702402,3.5229260708167125,13.36779066756667,5.108252269164672,0
0.8400111851088632,0.06040288991405726,4.182951831061763,12.15622498671186,10.211364957537805,1
0.8243340465375093,0.038364365670067034,0.015031534923231948,16.875612638869043,13.911142054398454,0
0.658447861302185,0.11190918383975614,0.5293883292642634,16.51186857280164,10.872204547864001,0
0.6603101162601921,0.008826700881407393,3.96174902630947,8.229156681284802,5.433795404942504,0
0.6990220047277533,0.0025341601940901265,4.870028557417019,14.43479675036878,10.090240562280444,0
0.40522276717406974,0.01902901970561337,2.6257617203487094,16.069435524196997,6.5117011300404055,0
0.848647167554976,0.004841010858286228,-0.25962870700410856,16.40573877462781,13.922683742734735,0
0.5512623149352439,0.05999709509710251,5.474122223398883,9.202143858247036,5.072795125664398,0
0.5298831169496985,-0.0608155304218294,0.438058204376071,19.845427845045734,10.515757163733172,0
0.6113506231697026,-0.03268412095731771,0.8297244376570965,5.503981896421393,3.36486276229198,0
0.328179580065033,-0.033390146078959654,2.184675668979243,12.096637110863252,3.9698692872421963,0
0.39977002125364763,0.06751537959867879,4.608320841429548,20.604252970712672,8.236962648017338,0
0.7428201698558223,0.10553066862909627,3.2079519531044474,16.277858421108046,12.091521557256508,1
0.34967920075507586,0.014777539073126424,2.3297310007238208,10.223248650217204,3.57485741712836,0
0.661891265679833,0.01155891384049947,2.4265770602362124,18.899062386860955,12.509124323401524,0
0.4472094658087926,0.02350260815565907,1.5870293372869322,16.34781888312147,7.310899349859645,0
0.5335773684251859,0.07809391513040953,2.6162790290370124,20.924872189127743,11.16503823730814,0
0.47321624206241997,-0.026367656709528706,-3.559120155388606,19.700503723796466,9.322598338911675,0
0.5134036298789695,0.03191844913673926,0.9067850818604033,17.202158440724695,8.831650585221212,0
0.7314275431105474,0.06875988148912149,1.982643869833562,14.76355350621628,10.79846966863288,1
0.47827302937390503,0.045054708496992266,-0.8020281672390142,7.663642513350468,3.665313520898776,0
0.6398427841781383,0.029479080829937172,2.27264663562312,10.226660357707676,6.543454836119875,0
0.5856302413194598,0.07005230462835706,1.091057558027757,13.381989458341705,7.83689771582312,0
0.6982026992175889,-0.11516161464996187,5.01095139663098,16.985985740127774,11.859661092628686,0
0.862097843594855,0.05389376597654538,4.646039450429713,15.274157104306097,13.16781790235132,1
0.7395432583261503,-0.012703784156371193,0.5683888617636743,10.76369051919059,7.960214758176501,0
0.42896422715445404,-0.07153164484282284,1.1983245768666093,5.129287155794211,2.2002807006385314,0
0.3187098810367708,0.04556012997624904,1.352104868783215,14.924784438016278,4.7566762727396155,0
0.45735842657989506,0.08868292725814789,0.5966810476807546,10.712519771244862,4.899461187282568,0
0.6570467584201529,0.013127574268615407,1.8900499680562535,19.692166014210702,12.938673845908644,0
0.3308554880905502,0.06764372736014694,-0.0165641377751804,5.478925305409669,1.812732506132983,0
0.5978197483207419,0.10061391289943228,-0.7612306698750526,16.696556226115817,9.981531040919673,0
0.6581057093501336,0.08574572267920237,2.745422447800537,23.82948475012131,15.682319964926775,0
0.5005463344901765,0.10199822646856965,2.7590591684436214,8.48818534222999,4.248730059526466,0
0.7625473222474932,0.057106374553594616,-0.10863151931998472,14.432989815011908,11.005837735462674,0
0.36395895188026306,0.023771681945079642,3.2907108615251994,6.828439836342763,2.485271805812747,0
0.34508266904148527,-0.060098290594858425,0.23684454166933722,17.513638245227053,6.043653030289986,0
0.7369132537221621,0.007696875593502571,2.0063304760759624,16.01063361192451,11.798448109116704,1
0.5972947897237191,-0.022162329765809587,3.140688025224912,13.147310484256646,7.852820051126521,0
0.7130414378566416,0.1285471358748907,1.432774870592574,15.427540429474824,11.0004756104242,1
0.5608964031622478,0.01120570937838317,2.4094818242822686,22.931493169380204,12.86219203784501,0
0.4478412199434641,0.026160240339224285,0.46714071222485654,8.92588604622134,3.9973796960161083,0
0.7914613906045199,0.04757426880202338,1.1070668331438056,5.451290234106945,4.314485749275121,0
0.7796495273813876,0.022180122318622687,1.0882811382393194,22.23329769398202,17.334180039242778,0
0.7168178825126561,0.10475255202153766,0.006843306919522174,16.54234164775813,11.857846311746904,0
0.46328708233797766,-0.011132468086722597,1.1464516737684358,22.81316910923685,10.56904655550122,0
0.6541384001214523,0.029730372761862137,-1.5972365977274934,16.938904468263452,11.080387868679974,0
0.516584338164016,-0.017123529284902416,0.5176925057157906,21.20322179919405,10.953252300081497,0
0.3549492439959805,-0.04600112556103529,0.9302490132606583,13.593467267102959,4.824990929742302,0
0.8503881452773459,-0.010588454545264272,0.9876404950092398,19.997198625765375,17.005380650107305,0
0.38209117855137686,0.0181481601475794,1.0170051082584424,23.26082933779712,8.887757695761344,0
0.8701424122924815,-0.001465111225863,1.3764716002797421,16.442459274444126,14.307281177085695,1
0.5676034637747736,-0.014621048993692803,2.4588830361721277,8.615703011247591,4.8903028720388795,0
